CO2,CH4,N2O,CFC-11,CFC-12,CFC-113,CFC-114,CFC-115,HCFC-22,HCFC-141b,HCFC-142b,CCl4,CHCl3,CH2Cl2,CH3Cl,CH3CCl3,CH3Br,Halon-1211,Halon-1301,Halon-2402,CF4,C2F6,C3F8,c-C4F8,C4F10,C5F12,C6F14,C7F16,C8F18,NF3,SF6,SO2F2,HFC-125,HFC-134a,HFC-143a,HFC-152a,HFC-227ea,HFC-23,HFC-236fa,HFC-245fa,HFC-32,HFC-365mfc,HFC-4310mee
0.0,0.0,0.0,0.0,0.0,0.0,0.0,0.0,0.0,0.0,0.0,0.0,0.0,0.0,0.0,0.0,0.0,0.0,0.0,0.0,0.0,0.0,0.0,0.0,0.0,0.0,0.0,0.0,0.0,0.0,0.0,0.0,0.0,0.0,0.0,0.0,0.0,0.0,0.0,0.0,0.0,0.0,0.0
0.0023634833141434053,0.0002059237880756709,0.00044135088107480694,0.0,0.0,0.0,0.0,0.0,0.0,0.0,0.0,0.0,0.0,0.0,0.0,0.0,0.0,0.0,0.0,0.0,0.0,0.0,0.0,0.0,0.0,0.0,0.0,0.0,0.0,0.0,0.0,0.0,0.0,0.0,0.0,0.0,0.0,0.0,0.0,0.0,0.0,0.0,0.0
0.004931931552056068,0.0005442817401992844,0.0009194469645275186,0.0,0.0,0.0,0.0,0.0,0.0,0.0,0.0,0.0,0.0,0.0,0.0,0.0,0.0,0.0,0.0,0.0,0.0,0.0,0.0,0.0,0.0,0.0,0.0,0.0,0.0,0.0,0.0,0.0,0.0,0.0,0.0,0.0,0.0,0.0,0.0,0.0,0.0,0.0,0.0
0.0073087445835761655,0.0010033885242125493,0.001360674431806522,0.0,0.0,0.0,0.0,0.0,0.0,0.0,0.0,0.0,0.0,0.0,0.0,0.0,0.0,0.0,0.0,0.0,0.0,0.0,0.0,0.0,0.0,0.0,0.0,0.0,0.0,0.0,0.0,0.0,0.0,0.0,0.0,0.0,0.0,0.0,0.0,0.0,0.0,0.0,0.0
0.009738688829316694,0.0015946093303167222,0.0018018332775497654,0.0,0.0,0.0,0.0,0.0,0.0,0.0,0.0,0.0,0.0,0.0,0.0,0.0,0.0,0.0,0.0,0.0,0.0,0.0,0.0,0.0,0.0,0.0,0.0,0.0,0.0,0.0,0.0,0.0,0.0,0.0,0.0,0.0,0.0,0.0,0.0,0.0,0.0,0.0,0.0
0.011910821467132987,0.002446152268436211,0.002279710124097975,0.0,0.0,0.0,0.0,0.0,0.0,0.0,0.0,0.0,0.0,0.0,0.0,0.0,0.0,0.0,0.0,0.0,0.0,0.0,0.0,0.0,0.0,0.0,0.0,0.0,0.0,0.0,0.0,0.0,0.0,0.0,0.0,0.0,0.0,0.0,0.0,0.0,0.0,0.0,0.0
0.014298938901305902,0.003438414464531761,0.0027207295705192827,0.0,0.0,0.0,0.0,0.0,0.0,0.0,0.0,0.0,0.0,0.0,0.0,0.0,0.0,0.0,0.0,0.0,0.0,0.0,0.0,0.0,0.0,0.0,0.0,0.0,0.0,0.0,0.0,0.0,0.0,0.0,0.0,0.0,0.0,0.0,0.0,0.0,0.0,0.0,0.0
0.01646531252132552,0.004385831070183699,0.003161574961661511,0.0,0.0,0.0,0.0,0.0,0.0,0.0,0.0,0.0,0.0,0.0,0.0,0.0,0.0,0.0,0.0,0.0,0.0,0.0,0.0,0.0,0.0,0.0,0.0,0.0,0.0,0.0,0.0,0.0,0.0,0.0,0.0,0.0,0.0,0.0,0.0,0.0,0.0,0.0,0.0
0.018826341068309438,0.0055527220649149375,0.003639067433768895,0.0,0.0,0.0,0.0,0.0,0.0,0.0,0.0,0.0,0.0,0.0,0.0,0.0,0.0,0.0,0.0,0.0,0.0,0.0,0.0,0.0,0.0,0.0,0.0,0.0,0.0,0.0,0.0,0.0,0.0,0.0,0.0,0.0,0.0,0.0,0.0,0.0,0.0,0.0,0.0
0.02120933426849328,0.006814389224077157,0.004079685211273068,0.0,0.0,0.0,0.0,0.0,0.0,0.0,0.0,0.0,0.0,0.0,0.0,0.0,0.0,0.0,0.0,0.0,0.0,0.0,0.0,0.0,0.0,0.0,0.0,0.0,0.0,0.0,0.0,0.0,0.0,0.0,0.0,0.0,0.0,0.0,0.0,0.0,0.0,0.0,0.0
0.02370925811223898,0.008161026660966374,0.00452015768150868,0.0,0.0,0.0,0.0,0.0,0.0,0.0,0.0,0.0,0.0,0.0,0.0,0.0,0.0,0.0,0.0,0.0,0.0,0.0,0.0,0.0,0.0,0.0,0.0,0.0,0.0,0.0,0.0,0.0,0.0,0.0,0.0,0.0,0.0,0.0,0.0,0.0,0.0,0.0,0.0
0.02637753437922552,0.009732921916192586,0.004997201745185444,0.0,0.0,0.0,0.0,0.0,0.0,0.0,0.0,0.0,0.0,0.0,0.0,0.0,0.0,0.0,0.0,0.0,0.0,0.0,0.0,0.0,0.0,0.0,0.0,0.0,0.0,0.0,0.0,0.0,0.0,0.0,0.0,0.0,0.0,0.0,0.0,0.0,0.0,0.0,0.0
0.029023560942224608,0.01114158900813042,0.00540075372922987,0.0,0.0,0.0,0.0,0.0,0.0,0.0,0.0,0.0,0.0,0.0,0.0,0.0,0.0,0.0,0.0,0.0,0.0,0.0,0.0,0.0,0.0,0.0,0.0,0.0,0.0,0.0,0.0,0.0,0.0,0.0,0.0,0.0,0.0,0.0,0.0,0.0,0.0,0.0,0.0
0.03170001765364383,0.012855283410672054,0.0058407602561149526,0.0,0.0,0.0,0.0,0.0,0.0,0.0,0.0,0.0,0.0,0.0,0.0,0.0,0.0,0.0,0.0,0.0,0.0,0.0,0.0,0.0,0.0,0.0,0.0,0.0,0.0,0.0,0.0,0.0,0.0,0.0,0.0,0.0,0.0,0.0,0.0,0.0,0.0,0.0,0.0
0.03457902439829902,0.01470338782091437,0.006243933864813523,0.0,0.0,0.0,0.0,0.0,0.0,0.0,0.0,0.0,0.0,0.0,0.0,0.0,0.0,0.0,0.0,0.0,0.0,0.0,0.0,0.0,0.0,0.0,0.0,0.0,0.0,0.0,0.0,0.0,0.0,0.0,0.0,0.0,0.0,0.0,0.0,0.0,0.0,0.0,0.0
0.03764037247422142,0.016542506581851517,0.0066470420430914095,0.0,0.0,0.0,0.0,0.0,0.0,0.0,0.0,0.0,0.0,0.0,0.0,0.0,0.0,0.0,0.0,0.0,0.0,0.0,0.0,0.0,0.0,0.0,0.0,0.0,0.0,0.0,0.0,0.0,0.0,0.0,0.0,0.0,0.0,0.0,0.0,0.0,0.0,0.0,0.0
0.04067792604975823,0.018566403043078793,0.007049875734109484,0.0,0.0,0.0,0.0,0.0,0.0,0.0,0.0,0.0,0.0,0.0,0.0,0.0,0.0,0.0,0.0,0.0,0.0,0.0,0.0,0.0,0.0,0.0,0.0,0.0,0.0,0.0,0.0,0.0,0.0,0.0,0.0,0.0,0.0,0.0,0.0,0.0,0.0,0.0,0.0
0.04394306459436029,0.02046582058760811,0.007452627538986419,0.0,0.0,0.0,0.0,0.0,0.0,0.0,0.0,0.0,0.0,0.0,0.0,0.0,0.0,0.0,0.0,0.0,0.0,0.0,0.0,0.0,0.0,0.0,0.0,0.0,0.0,0.0,0.0,0.0,0.0,0.0,0.0,0.0,0.0,0.0,0.0,0.0,0.0,0.0,0.0
0.047359495073173885,0.021922810155783234,0.007818567987133618,0.0,0.0,0.0,0.0,0.0,0.0,0.0,0.0,0.0,0.0,0.0,0.0,0.0,0.0,0.0,0.0,0.0,0.0,0.0,0.0,0.0,0.0,0.0,0.0,0.0,0.0,0.0,0.0,0.0,0.0,0.0,0.0,0.0,0.0,0.0,0.0,0.0,0.0,0.0,0.0
0.05080666363743608,0.023034229160161096,0.008184251826268897,0.0,0.0,0.0,0.0,0.0,0.0,0.0,0.0,0.0,0.0,0.0,0.0,0.0,0.0,0.0,0.0,0.0,0.0,0.0,0.0,0.0,0.0,0.0,0.0,0.0,0.0,0.0,0.0,0.0,0.0,0.0,0.0,0.0,0.0,0.0,0.0,0.0,0.0,0.0,0.0
0.05421627312958441,0.02416219089455933,0.00851343887452204,0.0,0.0,0.0,0.0,0.0,0.0,0.0,0.0,0.0,0.0,0.0,0.0,0.0,0.0,0.0,0.0,0.0,0.0,0.0,0.0,0.0,0.0,0.0,0.0,0.0,0.0,0.0,0.0,0.0,0.0,0.0,0.0,0.0,0.0,0.0,0.0,0.0,0.0,0.0,0.0
0.05785776154488104,0.02537566989803232,0.008878880566895992,0.0,0.0,0.0,0.0,0.0,0.0,0.0,0.0,0.0,0.0,0.0,0.0,0.0,0.0,0.0,0.0,0.0,0.0,0.0,0.0,0.0,0.0,0.0,0.0,0.0,0.0,0.0,0.0,0.0,0.0,0.0,0.0,0.0,0.0,0.0,0.0,0.0,0.0,0.0,0.0
0.06135892932916434,0.02644090046638456,0.009207735198095758,0.0,0.0,0.0,0.0,0.0,0.0,0.0,0.0,0.0,0.0,0.0,0.0,0.0,0.0,0.0,0.0,0.0,0.0,0.0,0.0,0.0,0.0,0.0,0.0,0.0,0.0,0.0,0.0,0.0,0.0,0.0,0.0,0.0,0.0,0.0,0.0,0.0,0.0,0.0,0.0
0.06500654664947114,0.027512830969839683,0.009573053005581337,0.0,0.0,0.0,0.0,0.0,0.0,0.0,0.0,0.0,0.0,0.0,0.0,0.0,0.0,0.0,0.0,0.0,0.0,0.0,0.0,0.0,0.0,0.0,0.0,0.0,0.0,0.0,0.0,0.0,0.0,0.0,0.0,0.0,0.0,0.0,0.0,0.0,0.0,0.0,0.0
0.0683021107262741,0.028543005405088834,0.009901694457001908,0.0,0.0,0.0,0.0,0.0,0.0,0.0,0.0,0.0,0.0,0.0,0.0,0.0,0.0,0.0,0.0,0.0,0.0,0.0,0.0,0.0,0.0,0.0,0.0,0.0,0.0,0.0,0.0,0.0,0.0,0.0,0.0,0.0,0.0,0.0,0.0,0.0,0.0,0.0,0.0
0.07178433592915448,0.029459582904190262,0.010266796535384027,0.0,0.0,0.0,0.0,0.0,0.0,0.0,0.0,0.0,0.0,0.0,0.0,0.0,0.0,0.0,0.0,0.0,0.0,0.0,0.0,0.0,0.0,0.0,0.0,0.0,0.0,0.0,0.0,0.0,0.0,0.0,0.0,0.0,0.0,0.0,0.0,0.0,0.0,0.0,0.0
0.07537093705132658,0.030355876990057762,0.010631785199888215,0.0,0.0,0.0,0.0,0.0,0.0,0.0,0.0,0.0,0.0,0.0,0.0,0.0,0.0,0.0,0.0,0.0,0.0,0.0,0.0,0.0,0.0,0.0,0.0,0.0,0.0,0.0,0.0,0.0,0.0,0.0,0.0,0.0,0.0,0.0,0.0,0.0,0.0,0.0,0.0
0.0789600335314053,0.031199176017811303,0.010996667745114794,0.0,0.0,0.0,0.0,0.0,0.0,0.0,0.0,0.0,0.0,0.0,0.0,0.0,0.0,0.0,0.0,0.0,0.0,0.0,0.0,0.0,0.0,0.0,0.0,0.0,0.0,0.0,0.0,0.0,0.0,0.0,0.0,0.0,0.0,0.0,0.0,0.0,0.0,0.0,0.0
0.08290819247817069,0.03193324262036097,0.01136145313635777,0.0,0.0,0.0,0.0,0.0,0.0,0.0,0.0,0.0,0.0,0.0,0.0,0.0,0.0,0.0,0.0,0.0,0.0,0.0,0.0,0.0,0.0,0.0,0.0,0.0,0.0,0.0,0.0,0.0,0.0,0.0,0.0,0.0,0.0,0.0,0.0,0.0,0.0,0.0,0.0
0.0871357515336009,0.03266118868563367,0.011762532445895403,0.0,0.0,0.0,0.0,0.0,0.0,0.0,0.0,0.0,0.0,0.0,0.0,0.0,0.0,0.0,0.0,0.0,0.0,0.0,0.0,0.0,0.0,0.0,0.0,0.0,0.0,0.0,0.0,0.0,0.0,0.0,0.0,0.0,0.0,0.0,0.0,0.0,0.0,0.0,0.0
0.09165142494838385,0.033691432584469064,0.012163521071517601,0.0,0.0,0.0,0.0,0.0,0.0,0.0,0.0,0.0,0.0,0.0,0.0,0.0,0.0,0.0,0.0,0.0,0.0,0.0,0.0,0.0,0.0,0.0,0.0,0.0,0.0,0.0,0.0,0.0,0.0,0.0,0.0,0.0,0.0,0.0,0.0,0.0,0.0,0.0,0.0
0.09658260346717704,0.03478210558691944,0.012564232575268341,0.0,0.0,0.0,0.0,0.0,0.0,0.0,0.0,0.0,0.0,0.0,0.0,0.0,0.0,0.0,0.0,0.0,0.0,0.0,0.0,0.0,0.0,0.0,0.0,0.0,0.0,0.0,0.0,0.0,0.0,0.0,0.0,0.0,0.0,0.0,0.0,0.0,0.0,0.0,0.0
0.10193862293592365,0.035822255745320705,0.013037772958295737,0.0,0.0,0.0,0.0,0.0,0.0,0.0,0.0,0.0,0.0,0.0,0.0,0.0,0.0,0.0,0.0,0.0,0.0,0.0,0.0,0.0,0.0,0.0,0.0,0.0,0.0,0.0,0.0,0.0,0.0,0.0,0.0,0.0,0.0,0.0,0.0,0.0,0.0,0.0,0.0
0.10749692946283043,0.03697347053599449,0.013474610870045995,0.0,0.0,0.0,0.0,0.0,0.0,0.0,0.0,0.0,0.0,0.0,0.0,0.0,0.0,0.0,0.0,0.0,0.0,0.0,0.0,0.0,0.0,0.0,0.0,0.0,0.0,0.0,0.0,0.0,0.0,0.0,0.0,0.0,0.0,0.0,0.0,0.0,0.0,0.0,0.0
0.11314592952806662,0.03825504570183025,0.013984152447727837,0.0,0.0,0.0,0.0,0.0,0.0,0.0,0.0,0.0,0.0,0.0,0.0,0.0,0.0,0.0,0.0,0.0,0.0,0.0,0.0,0.0,0.0,0.0,0.0,0.0,0.0,0.0,0.0,0.0,0.0,0.0,0.0,0.0,0.0,0.0,0.0,0.0,0.0,0.0,0.0
0.11897319539838985,0.03971571026013415,0.014456833182190758,0.0,0.0,0.0,0.0,0.0,0.0,0.0,0.0,0.0,0.0,0.0,0.0,0.0,0.0,0.0,0.0,0.0,0.0,0.0,0.0,0.0,0.0,0.0,0.0,0.0,0.0,0.0,0.0,0.0,0.0,0.0,0.0,0.0,0.0,0.0,0.0,0.0,0.0,0.0,0.0
0.12518573142869777,0.04120274841051423,0.014965823724904306,0.0,0.0,0.0,0.0,0.0,0.0,0.0,0.0,0.0,0.0,0.0,0.0,0.0,0.0,0.0,0.0,0.0,0.0,0.0,0.0,0.0,0.0,0.0,0.0,0.0,0.0,0.0,0.0,0.0,0.0,0.0,0.0,0.0,0.0,0.0,0.0,0.0,0.0,0.0,0.0
0.13146149372331267,0.04273056896216022,0.015510861757053667,0.0,0.0,0.0,0.0,0.0,0.0,0.0,0.0,0.0,0.0,0.0,0.0,0.0,0.0,0.0,0.0,0.0,0.0,0.0,0.0,0.0,0.0,0.0,0.0,0.0,0.0,0.0,0.0,0.0,0.0,0.0,0.0,0.0,0.0,0.0,0.0,0.0,0.0,0.0,0.0
0.13823074654043954,0.04467227504979851,0.016019114752957763,0.0,0.0,0.0,0.0,0.0,0.0,0.0,0.0,0.0,0.0,0.0,0.0,0.0,0.0,0.0,0.0,0.0,0.0,0.0,0.0,0.0,0.0,0.0,0.0,0.0,0.0,0.0,0.0,0.0,0.0,0.0,0.0,0.0,0.0,0.0,0.0,0.0,0.0,0.0,0.0
0.14477503527443558,0.04711554095625142,0.01659941148311945,0.0,0.0,0.0,0.0,0.0,0.0,0.0,0.0,0.0,0.0,0.0,0.0,0.0,0.0,0.0,0.0,0.0,0.0,0.0,0.0,0.0,0.0,0.0,0.0,0.0,0.0,0.0,0.0,0.0,0.0,0.0,0.0,0.0,0.0,0.0,0.0,0.0,0.0,0.0,0.0
0.1515102274713907,0.04875802379764846,0.017207160560761485,0.0,0.0,0.0,0.0,0.0,0.0,0.0,0.0,0.0,0.0,0.0,0.0,0.0,0.0,0.0,0.0,0.0,0.0,0.0,0.0,0.0,0.0,0.0,0.0,0.0,0.0,0.0,0.0,0.0,0.0,0.0,0.0,0.0,0.0,0.0,0.0,0.0,0.0,0.0,0.0
0.15815408936072844,0.05023639328286515,0.01785092672852174,0.0,0.0,0.0,0.0,0.0,0.0,0.0,0.0,0.0,0.0,0.0,0.0,0.0,0.0,0.0,0.0,0.0,0.0,9.711060000000001e-12,0.0,0.0,0.0,0.0,0.0,0.0,0.0,0.0,0.0,0.0,0.0,0.0,0.0,0.0,0.0,0.0,0.0,0.0,0.0,0.0,0.0
0.16469259788159124,0.05183646156810669,0.018530615824722277,0.0,0.0,0.0,0.0,0.0,0.0,0.0,0.0,0.0,0.0,0.0,0.0,0.0,0.0,0.0,0.0,0.0,7.522416998941139e-10,1.5532475000000003e-10,4.292841000000001e-12,0.0,0.0,0.0,0.0,0.0,0.0,0.0,0.0,0.0,0.0,0.0,0.0,0.0,0.0,0.0,0.0,0.0,0.0,0.0,0.0
0.17117648036986255,0.05357528996003319,0.019209822543556222,0.0,0.0,0.0,0.0,0.0,0.0,0.0,0.0,0.0,0.0,0.0,0.0,0.0,0.0,0.0,0.0,0.0,2.6323529999388743e-09,7.857605e-10,2.1788193000000004e-11,0.0,0.0,0.0,0.0,0.0,0.0,0.0,0.0,0.0,0.0,0.0,0.0,0.0,0.0,0.0,0.0,0.0,0.0,0.0,0.0
0.17740012163856123,0.055624365163848805,0.019888418394729702,0.0,0.0,0.0,0.0,0.0,0.0,0.0,0.0,0.0,0.0,0.0,0.0,0.0,0.0,0.0,0.0,0.0,8.273672800154728e-09,2.4851960000000004e-09,6.884745e-11,0.0,0.0,0.0,0.0,0.0,0.0,0.0,0.0,0.0,0.0,0.0,0.0,0.0,0.0,0.0,0.0,0.0,0.0,0.0,0.0
0.18368350440376852,0.0577250479694571,0.020602727582924585,0.0,0.0,0.0,0.0,0.0,0.0,0.0,0.0,0.0,0.0,0.0,0.0,0.0,0.0,0.0,0.0,0.0,1.9556312399885912e-08,6.082465e-09,1.6820377000000002e-10,0.0,0.0,0.0,0.0,0.0,0.0,0.0,0.0,0.0,0.0,0.0,0.0,0.0,0.0,0.0,0.0,0.0,0.0,0.0,0.0
0.18989409180708383,0.059788419078315155,0.02135288027706439,0.0,0.0,0.0,0.0,0.0,0.0,0.0,0.0,0.0,0.0,0.0,0.0,0.0,0.0,0.0,0.0,0.0,4.099372199989815e-08,1.2582609999999999e-08,3.4828709999999995e-10,0.0,0.0,0.0,0.0,0.0,0.0,0.0,0.0,0.0,0.0,0.0,0.0,0.0,0.0,0.0,0.0,0.0,0.0,0.0,0.0
0.19595976824184214,0.061221249916444384,0.022103082029426138,0.0,0.0,0.0,0.0,0.0,0.0,0.0,0.0,0.0,0.0,0.0,0.0,0.0,0.0,0.0,0.0,0.0,7.559388250038687e-08,2.3311765000000002e-08,6.452761000000001e-10,0.0,0.0,0.0,0.0,0.0,0.0,0.0,0.0,0.0,0.0,0.0,0.0,0.0,0.0,0.0,0.0,0.0,0.0,0.0,0.0
0.20204541432507378,0.06232376905416309,0.022925626764954243,0.0,0.0,0.0,0.0,0.0,0.0,0.0,0.0,0.0,0.0,0.0,0.0,0.0,0.0,0.0,0.0,0.0,1.2899909960024843e-07,3.9780887400000004e-08,1.1015592e-09,0.0,0.0,0.0,0.0,0.0,0.0,0.0,0.0,0.0,0.0,0.0,0.0,0.0,0.0,0.0,0.0,0.0,0.0,0.0,0.0
0.20844392597821565,0.06338744647408577,0.023747712179639377,0.0,0.0,0.0,0.0,0.0,0.0,0.0,0.0,0.0,0.0,0.0,0.0,0.0,0.0,0.0,0.0,0.0,2.064740793000611e-07,6.37212608e-08,1.7657346e-09,0.0,0.0,0.0,0.0,0.0,0.0,0.0,0.0,0.0,0.0,0.0,0.0,0.0,0.0,0.0,0.0,0.0,0.0,0.0,0.0
0.2147310385657381,0.06459993656204703,0.02460528078092871,0.0,0.0,0.0,0.0,0.0,0.0,0.0,0.0,0.0,0.0,0.0,0.0,0.0,0.0,0.0,0.0,0.0,3.147880110001914e-07,9.712104200000001e-08,2.6891004e-09,0.0,0.0,0.0,0.0,0.0,0.0,0.0,0.0,0.0,0.0,0.0,0.0,0.0,0.0,0.0,0.0,0.0,0.0,0.0,0.0
0.2209360401334442,0.06576855181960056,0.02549856975027911,0.0,0.0,0.0,0.0,0.0,0.0,0.0,0.0,2.0534044492e-06,0.0,0.0,0.0,0.0,0.0,0.0,0.0,0.0,4.046734998998859e-07,1.2530400000000002e-07,3.3748750000000007e-09,0.0,0.0,0.0,0.0,0.0,0.0,0.0,0.0,0.0,0.0,0.0,0.0,0.0,0.0,0.0,0.0,0.0,0.0,0.0,0.0
0.22710967407169624,0.06771884745760968,0.02639043068620759,0.0,0.0,0.0,0.0,0.0,0.0,0.0,0.0,8.21486997856e-06,0.0,0.0,0.0,0.0,0.0,0.0,0.0,0.0,6.536457846003339e-07,2.01661125e-07,5.3998e-09,0.0,0.0,0.0,0.0,0.0,0.0,0.0,0.0,0.0,0.0,0.0,0.0,0.0,0.0,0.0,0.0,0.0,0.0,0.0,0.0
0.23353628935634496,0.07003202892017509,0.027317237997867335,0.0,0.0,0.0,0.0,0.0,0.0,0.0,0.0,1.848818669768e-05,0.0,0.0,0.0,0.0,0.0,0.0,0.0,0.0,9.266878319000325e-07,2.8584975000000003e-07,8.0997e-09,0.0,0.0,0.0,0.0,0.0,0.0,0.0,0.0,0.0,0.0,0.0,0.0,0.0,0.0,0.0,0.0,0.0,0.0,0.0,0.0
0.23965161116208272,0.07300086049768595,0.02827865802659881,0.0,0.0,0.0,0.0,0.0,0.0,0.0,0.0,3.2879669018880003e-05,0.0,0.0,0.0,0.0,0.0,0.0,0.0,0.0,1.2335777980003258e-06,3.7982775e-07,1.1474575000000002e-08,0.0,0.0,0.0,0.0,0.0,0.0,0.0,0.0,0.0,0.0,0.0,0.0,0.0,0.0,0.0,0.0,0.0,0.0,0.0,0.0
0.24598619554351064,0.07602781933194856,0.029239246204066396,0.0,0.0,0.0,0.0,0.0,0.0,0.0,0.0,5.139815665416e-05,0.0,0.0,0.0,0.0,0.0,0.0,0.0,0.0,1.6235850495000284e-06,4.99258125e-07,1.484945e-08,0.0,0.0,0.0,0.0,0.0,0.0,0.0,0.0,0.0,0.0,0.0,0.0,0.0,0.0,0.0,0.0,0.0,0.0,0.0,0.0
0.252275652017602,0.07917793621630989,0.030234781089088256,0.0,0.0,0.0,0.0,0.0,0.0,0.0,0.0,7.40550096304e-05,0.0,0.0,0.0,0.0,0.0,0.0,0.0,0.0,2.140333689600216e-06,6.58498625e-07,1.9574275000000002e-08,0.0,0.0,0.0,0.0,0.0,0.0,0.0,0.0,0.0,0.0,0.0,0.0,0.0,0.0,0.0,0.0,0.0,0.0,0.0,0.0
0.2587739489690276,0.08125488322819124,0.03123091279743936,0.0,0.0,0.0,0.0,0.0,0.0,0.0,0.0,0.00010086412041904,0.0,0.0,0.0,0.0,0.0,0.0,0.0,0.0,2.813160158700179e-06,8.66033375e-07,2.6378023e-08,0.0,0.0,0.0,0.0,0.0,0.0,0.0,0.0,0.0,0.0,0.0,0.0,0.0,0.0,0.0,0.0,0.0,0.0,0.0,0.0
0.2644499500189462,0.08358993710492876,0.03226188835941658,0.0,0.0,0.0,0.0,0.0,0.0,0.0,0.0,0.00013184190978208,0.0,0.0,0.0,0.0,0.0,0.0,0.0,0.0,3.4397281998003663e-06,1.0572525e-06,3.182939109e-08,0.0,0.0,0.0,0.0,0.0,0.0,0.0,0.0,0.0,0.0,0.0,0.0,0.0,0.0,0.0,0.0,0.0,0.0,0.0,0.0
0.2704920724420155,0.08646768231860022,0.033291231057851506,0.0,0.0,0.0,0.0,0.0,0.0,0.0,0.0,0.00016700729918952,0.0,0.0,0.0,0.0,0.0,0.0,0.0,0.0,4.253965263599842e-06,1.31260403955e-06,3.863178914e-08,0.0,0.0,0.0,0.0,0.0,0.0,0.0,0.0,0.0,0.0,0.0,0.0,0.0,0.0,0.0,0.0,0.0,0.0,0.0,0.0
0.2766062667311501,0.08948993079143197,0.03431929442843697,0.0,0.0,0.0,0.0,0.0,0.0,0.0,0.0,0.00020638178991152,0.0,0.0,0.0,0.0,0.0,0.0,0.0,0.0,5.623312336500163e-06,1.740248057e-06,5.0159282180000004e-08,0.0,0.0,0.0,0.0,0.0,0.0,0.0,0.0,0.0,0.0,0.0,0.0,0.0,0.0,0.0,0.0,0.0,0.0,0.0,0.0
0.2825467872487706,0.09290380909139767,0.0353818336092158,0.0,0.0,0.0,0.0,0.0,0.0,0.0,0.0,0.00024998932959192,0.0,0.0,0.0,0.0,0.0,0.0,0.0,0.0,7.201014585899972e-06,2.2311969605000005e-06,6.438640523000001e-08,0.0,0.0,0.0,0.0,0.0,0.0,0.0,0.0,0.0,0.0,0.0,0.0,0.0,0.0,0.0,0.0,0.0,0.0,0.0,0.0
0.2888489835406212,0.09644555860485432,0.03644294429616372,0.0,0.0,0.0,0.0,0.0,0.0,0.0,0.0,0.00029785646096143996,0.0,0.0,0.0,0.0,0.0,0.0,0.0,0.0,8.960367924399915e-06,2.776966364e-06,8.063845328e-08,0.0,0.0,0.0,0.0,0.0,0.0,0.0,0.0,0.0,0.0,0.0,0.0,0.0,0.0,0.0,0.0,0.0,0.0,0.0,0.0
0.295725826989803,0.09987734528041495,0.03750311065355978,0.0,0.0,0.0,0.0,0.0,0.0,0.0,0.0,0.00035001222197552,0.0,0.0,0.0,0.0,0.0,0.0,0.0,0.0,1.104203169090039e-05,3.4212821425000006e-06,9.891569632e-08,0.0,0.0,0.0,0.0,0.0,0.0,0.0,0.0,0.0,0.0,0.0,0.0,0.0,0.0,0.0,0.0,0.0,0.0,0.0,0.0
0.30166760575616475,0.10204113319829033,0.03856487464185041,0.0,0.0,0.0,0.0,0.0,0.0,0.0,0.0,0.00040648814681128,0.0,0.0,0.0,0.0,0.0,0.0,0.0,0.0,1.3249685590200139e-05,4.10345043205e-06,1.1854261937e-07,0.0,0.0,0.0,0.0,0.0,0.0,0.0,0.0,0.0,0.0,0.0,0.0,0.0,0.0,0.0,0.0,0.0,0.0,0.0,0.0
0.30848615937972657,0.10437222357400652,0.0396251963713742,0.0,0.0,0.0,0.0,0.0,0.0,0.0,0.0,0.00046731838417344,0.0,0.0,0.0,0.0,0.0,0.0,0.0,0.0,1.5656292137700384e-05,4.84696521055e-06,1.4019473741000002e-07,0.0,0.0,0.0,0.0,0.0,0.0,0.0,0.0,0.0,0.0,0.0,0.0,0.0,0.0,0.0,0.0,0.0,0.0,0.0,0.0
0.3160160127308718,0.10696072903210277,0.04064826297138194,0.0,0.0,0.0,0.0,0.0,0.0,0.0,0.0,0.0005325395387776801,0.0,0.0,0.0,0.0,0.0,0.0,0.0,0.0,1.87586670473004e-05,5.806498864050001e-06,1.6792136046e-07,0.0,0.0,0.0,0.0,0.0,0.0,0.0,0.0,0.0,0.0,0.0,0.0,0.0,0.0,0.0,0.0,0.0,0.0,0.0,0.0
0.323694834160321,0.10987927239985221,0.04170540894043949,0.0,0.0,0.0,0.0,0.0,0.0,0.0,0.0,0.0006021907113952,0.0,0.0,0.0,0.0,0.0,0.0,0.0,0.0,2.261811259509985e-05,6.998366756500001e-06,2.0239773351000001e-07,0.0,0.0,0.0,0.0,0.0,0.0,0.0,0.0,0.0,0.0,0.0,0.0,0.0,0.0,0.0,0.0,0.0,0.0,0.0,0.0
0.33140960937857983,0.1128541641407533,0.042725768760543556,0.0,0.0,0.0,0.0,0.0,0.0,0.0,0.0,0.0006763136173247999,0.0,0.0,0.0,0.0,0.0,0.0,0.0,0.0,2.6699828311999864e-05,8.25419189895e-06,2.3889930155e-07,0.0,0.0,0.0,0.0,0.0,0.0,0.0,0.0,0.0,0.0,0.0,0.0,0.0,0.0,0.0,0.0,0.0,0.0,0.0,0.0
0.33835486477425586,0.1150586876912528,0.04374692217378208,0.0,0.0,0.0,0.0,0.0,0.0,0.0,0.0,0.00075495238799784,0.0,0.0,0.0,0.0,0.0,0.0,0.0,0.0,3.058635258920025e-05,9.4454076885e-06,2.7337567460000003e-07,0.0,0.0,0.0,0.0,0.0,0.0,0.0,0.0,0.0,0.0,0.0,0.0,0.0,0.0,0.0,0.0,0.0,0.0,0.0,0.0
0.34704635436779213,0.11801412776870843,0.044729586665843396,0.0,0.0,0.0,0.0,0.0,0.0,0.0,0.0,0.0008381538496285599,0.0,0.0,0.0,0.0,0.0,0.0,0.0,0.0,3.436418730680024e-05,1.060203330885e-05,3.0717734264000006e-07,0.0,0.0,0.0,0.0,0.0,0.0,0.0,0.0,0.0,0.0,0.0,0.0,0.0,0.0,0.0,0.0,0.0,0.0,0.0,0.0
0.3538459776050531,0.121283965380273,0.04571094406165781,0.0,0.0,0.0,0.0,0.0,0.0,0.0,0.0,0.00092596712526088,0.0,0.0,0.0,0.0,0.0,0.0,0.0,0.0,3.7069033533800296e-05,1.14245159734e-05,3.3152909069e-07,0.0,0.0,0.0,0.0,0.0,0.0,0.0,0.0,0.0,0.0,0.0,0.0,0.0,0.0,0.0,0.0,0.0,0.0,0.0,0.0
0.3613587876951066,0.12399143668007931,0.04665692604079351,0.0,0.0,0.0,0.0,0.0,0.0,0.0,0.0,0.0010184441113152798,0.0,0.0,0.0,0.0,0.0,0.0,0.0,0.0,3.9187177572099903e-05,1.2068179910050001e-05,3.4980633373e-07,0.0,0.0,0.0,0.0,0.0,0.0,0.0,0.0,0.0,0.0,0.0,0.0,0.0,0.0,0.0,0.0,0.0,0.0,0.0,0.0
0.3691817386395569,0.12707821180625423,0.04760120252716635,0.0,0.0,0.0,0.0,0.0,0.0,0.0,0.0,0.0011156390022050398,0.0,0.0,0.0,0.0,0.0,0.0,0.0,0.0,4.2939061429900524e-05,1.321762743855e-05,3.829327567800001e-07,0.0,0.0,0.0,0.0,0.0,0.0,0.0,0.0,0.0,0.0,0.0,0.0,0.0,0.0,0.0,0.0,0.0,0.0,0.0,0.0
0.3758796658846178,0.13034639245701818,0.04850862945541948,0.0,0.0,0.0,0.0,0.0,0.0,0.0,0.0,0.00121760860670488,0.0,0.0,0.0,0.0,0.0,0.0,0.0,0.0,4.8064805810800125e-05,1.4778880558900001e-05,4.2888370483e-07,0.0,0.0,0.0,0.0,0.0,0.0,0.0,0.0,0.0,0.0,0.0,0.0,0.0,0.0,0.0,0.0,0.0,0.0,0.0,0.0
0.3820557675571728,0.1329424571653155,0.049417190140419495,0.0,0.0,0.0,0.0,0.0,0.0,0.0,0.0,0.0013244123481171198,0.0,0.0,0.0,0.0,0.0,0.0,0.0,0.0,5.354181946039984e-05,1.643476639265e-05,4.7753482287e-07,0.0,0.0,0.0,0.0,0.0,0.0,0.0,0.0,0.0,0.0,0.0,0.0,0.0,0.0,0.0,0.0,0.0,0.0,0.0,0.0
0.38786957172718056,0.13605169054290908,0.05028812651061371,0.0,0.0,0.0,0.0,0.0,0.0,0.0,0.0,0.0014361121062535197,0.0,0.0,0.0,0.0,4.577178240000847e-09,0.0,0.0,0.0,5.929864434670032e-05,1.8167660410100003e-05,5.2821059592e-07,0.0,0.0,0.0,0.0,0.0,0.0,0.0,0.0,0.0,0.0,0.0,0.0,0.0,0.0,0.0,0.0,0.0,0.0,0.0,0.0
0.39443048369732886,0.1384586470083788,0.051160062188696495,0.0,0.0,0.0,0.0,0.0,0.0,0.0,0.0,0.00155277221677064,0.0,0.0,0.0,0.0,1.8310773600001226e-08,0.0,0.0,0.0,6.567489147090027e-05,2.0080027085700003e-05,5.8428643896e-07,0.0,0.0,0.0,0.0,0.0,0.0,0.0,0.0,0.0,0.0,0.0,0.0,0.0,0.0,0.0,0.0,0.0,0.0,0.0,0.0
0.3999453541494388,0.1406760127183167,0.05203195517644246,0.0,0.0,0.0,0.0,0.0,0.0,0.0,0.0,0.0016744595510928,0.0,0.0,0.0,0.0,4.1200790400001494e-08,0.0,0.0,0.0,7.30143066988001e-05,2.2272368581050002e-05,6.4913668701e-07,0.0,0.0,0.0,0.0,0.0,0.0,0.0,0.0,0.0,0.0,0.0,0.0,0.0,0.0,0.0,0.0,0.0,0.0,0.0,0.0
0.4062241027742675,0.14283066541520936,0.05286790007063523,0.0,0.0,0.0,0.0,0.0,0.0,0.0,0.0,0.0018012436737655999,0.0,0.0,0.0,0.0,7.324722000000094e-08,0.0,0.0,0.0,8.113824889400002e-05,2.468529758745e-05,7.2141166006e-07,0.0,0.0,0.0,0.0,0.0,0.0,0.0,0.0,0.0,0.0,0.0,0.0,0.0,0.0,0.0,0.0,0.0,0.0,0.0,0.0
0.41152598514259725,0.14548772319119427,0.05366638598355024,0.0,0.0,0.0,0.0,0.0,0.0,0.0,0.0,0.0019331963677368,0.0,0.0,0.0,0.0,1.1445007104000026e-07,0.0,0.0,0.0,8.91222849779002e-05,2.703883876305e-05,7.916619781e-07,0.0,0.0,0.0,0.0,0.0,0.0,0.0,0.0,0.0,0.0,0.0,0.0,0.0,0.0,0.0,0.0,0.0,0.0,0.0,0.0
0.41664129968400226,0.14769357164486388,0.05450111254482694,0.0,0.0,6.212878082600001e-07,0.0,0.0,0.0,0.0,0.0,0.0020703924299304,0.0,0.0,0.0,0.0,1.6480727856000128e-07,0.0,0.0,0.0,9.572869933019984e-05,2.8968171339200004e-05,8.490875011500001e-07,0.0,0.0,0.0,0.0,0.0,0.0,0.0,0.0,0.0,0.0,0.0,0.0,0.0,0.0,0.0,0.0,0.0,0.0,0.0,0.0
0.42225458013381706,0.14994776243040633,0.05529961552775314,0.0,0.0,2.485147616e-06,0.0,0.0,0.0,0.0,0.0,0.0022129087110080003,0.0,0.0,0.0,0.0,2.2432296816000006e-07,0.0,0.0,0.0,0.0001001966601042,3.0254670639800002e-05,8.882886992e-07,0.0,0.0,0.0,0.0,0.0,0.0,0.0,0.0,0.0,0.0,0.0,0.0,0.0,0.0,0.0,0.0,0.0,0.0,0.0,0.0
0.42916055037142337,0.1522396431270064,0.056061680142132475,0.0,0.0,5.5915806289e-06,0.0,0.0,0.0,0.0,0.0,0.0023608247633928,0.0,0.0,0.0,0.0,2.9299300992000017e-07,0.0,0.0,0.0,0.00010361570412200033,3.1232479098550005e-05,9.180405172400001e-07,0.0,0.0,0.0,0.0,0.0,0.0,0.0,0.0,0.0,0.0,0.0,0.0,0.0,0.0,0.0,0.0,0.0,0.0,0.0,0.0
0.4364791931960598,0.15461157631474018,0.05682285179072666,0.0,0.0,9.940586545540002e-06,0.0,0.0,0.0,0.0,0.0,0.0025142226668016005,0.0,0.0,0.0,0.0,3.7081947312000014e-07,0.0,0.0,0.0,0.00010764815145820021,3.2387799468899997e-05,9.5319186529e-07,6.090047999999999e-10,6.010462e-10,5.5026e-10,5.16212e-10,5.0312e-10,0.0,0.0,0.0,0.0,0.0,0.0,0.0,0.0,0.0,0.0,0.0,0.0,0.0,0.0,0.0
0.4441215085890107,0.1569996102112915,0.05758333533069383,0.0,0.0,1.553216566734e-05,0.0,0.0,0.0,0.0,0.0,0.0026731870415376002,0.0,0.0,0.0,0.0,4.578002928000018e-07,0.0,0.0,0.0,0.00011369193437030013,3.411025096425e-05,1.0065678083300002e-06,1.5099552e-09,1.4897096000000003e-09,1.3613840000000001e-09,1.279308e-09,1.2527688e-09,0.0,0.0,0.0,0.0,0.0,0.0,0.0,0.0,0.0,0.0,0.0,0.0,0.0,0.0,0.0
0.4522703194748002,0.15970149905825837,0.05834213286835782,0.0,0.0,2.2366317391460003e-05,0.0,0.0,4.06995043e-07,0.0,0.0,0.0028378048839920005,0.0,0.0,0.0,0.0,5.539395902400009e-07,0.0,0.0,0.0,0.00012251653301980004,3.66008446951e-05,1.08424258138e-06,2.4297408e-09,2.4004974e-09,2.1928880000000005e-09,2.0558704000000004e-09,2.0074488e-09,0.0,0.0,0.0,0.0,0.0,0.0,0.0,0.0,0.0,0.0,0.0,0.0,0.0,0.0,0.0
0.46046824147489834,0.16206792380540208,0.059066028697177156,0.0,0.0,3.044304382784e-05,0.0,0.0,1.6327096786e-06,0.0,0.0,0.0030081660435232007,0.0,0.0,0.0,0.0,6.592332441600016e-07,0.0,0.0,0.0,0.0001341866372352004,3.985566177885e-05,1.1868916994200003e-06,3.3589439999999996e-09,3.3112852e-09,3.024392e-09,2.8369216e-09,2.7721911999999997e-09,0.0,0.0,0.0,0.0,0.0,0.0,0.0,0.0,0.0,0.0,0.0,0.0,0.0,0.0,0.0
0.4676244418587438,0.1644742923546618,0.05978952600405024,0.0,0.0,3.9762341359440006e-05,0.0,0.0,3.6913390559500004e-06,0.0,0.0,0.0031843627422544008,0.0,0.0,0.0,0.0,7.736833195200023e-07,0.0,0.0,0.0,0.00014826974057370037,4.37350368108e-05,1.31113974747e-06,4.269311999999999e-09,4.203636e-09,3.855896e-09,3.6179728000000005e-09,3.5369336e-09,0.0,0.0,0.0,0.0,0.0,0.0,0.0,0.0,0.0,0.0,0.0,0.0,0.0,0.0,0.0
0.4753544638050386,0.16650105171510082,0.060478277112664014,0.0,0.0,5.032421661750001e-05,0.0,0.0,6.6065416144e-06,0.0,0.0,0.0033664891098256007,0.0,0.0,0.0,0.0,8.97289807680002e-07,0.0,0.0,0.0,0.00016481661688529987,4.823440768115001e-05,1.45766197052e-06,5.211072e-09,5.125486000000001e-09,4.6874e-09,4.399024e-09,4.2966448e-09,0.0,0.0,0.0,0.0,0.0,0.0,0.0,0.0,0.0,0.0,0.0,0.0,0.0,0.0,0.0
0.48272630841318015,0.16859384350633325,0.06116654878452504,0.0,0.0,6.21286587509e-05,0.0,0.0,1.0411438441950002e-05,0.0,0.0,0.0035546430742944006,0.0,0.0,0.0,0.0,1.0300527172800018e-06,0.0,0.0,0.0,0.00018307019356000008,5.312796640095e-05,1.61903391356e-06,6.12144e-09,6.047336e-09,5.5026e-09,5.1621199999999995e-09,5.081512e-09,0.0,0.0,0.0,0.0,0.0,0.0,0.0,0.0,0.0,0.0,0.0,0.0,0.0,0.0,0.0
0.48909910534240436,0.17127242889202,0.061852510312513584,0.0,1.9531653384163204e-05,7.517567650082001e-05,1.2137343735400002e-06,0.0,1.5148613275250002e-05,0.0,0.0,0.0037489241505464007,5.3147556559968927e-08,1.6860607829999987e-07,7.235740439999938e-07,0.0,1.171972044000001e-06,0.0,0.0,0.0,0.0002044878240342003,5.878444478995e-05,1.80942951161e-06,7.031808e-09,6.969185999999999e-09,6.3585600000000004e-09,5.970104e-09,5.836192000000001e-09,0.0,0.0,0.0,0.0,0.0,0.0,0.0,0.0,0.0,0.0,0.0,0.0,0.0,0.0,0.0
0.49476018837657937,0.17384006870975205,0.06253864546597705,0.0,7.839833077406401e-05,8.946527016868001e-05,4.8839721562600005e-06,0.0,2.0870115279650004e-05,0.0,0.0,0.0039494347064344005,2.1262539269999235e-07,6.744105948799906e-07,2.8940123820000034e-06,0.0,1.3230457315200023e-06,0.0,0.0,0.0,0.00023260401107470024,6.610446378185e-05,2.0619230796500005e-06,7.973568e-09,7.854161999999999e-09,7.173760000000001e-09,6.733200000000001e-09,6.590872e-09,0.0,0.0,0.0,0.0,0.0,0.0,0.0,0.0,0.0,0.0,0.0,0.0,0.0,0.0,0.0
0.5001776432330771,0.176263481574316,0.06318959087550789,0.0,0.00017741549782071363,0.00010499743463034002,1.1097839023230001e-05,0.0,2.76374526337e-05,0.0,0.0,0.004156279324724001,4.78433434850014e-07,1.5174272680599813e-06,6.511599274000104e-06,0.0,1.4832778924800003e-06,0.0,0.0,0.0,0.00026979377003529995,7.560685242015e-05,2.3987882527000003e-06,8.883936e-09,8.776012e-09,8.02972e-09,7.541184e-09,7.345552000000001e-09,0.0,0.0,0.0,0.0,0.0,0.0,0.0,0.0,0.0,0.0,0.0,0.0,0.0,0.0,0.0
0.5048241522975045,0.1800807554307785,0.06383535376896186,0.0,0.00031794224602358403,0.00012177217500994002,2.000054160393e-05,0.0,3.55216025801e-05,0.0,0.0,0.004369565446132801,8.505366636899891e-07,2.6976560690199944e-06,1.1576192124000024e-05,0.0,1.6526644142400006e-06,0.0,0.0,0.0,0.0003061328116603003,8.467198752945001e-05,2.7289036757500004e-06,9.825696e-09,9.697862000000001e-09,8.84492e-09,8.30428e-09,8.100232000000001e-09,0.0,0.0,0.0,0.0,0.0,0.0,0.0,0.0,0.0,0.0,0.0,0.0,0.0,0.0,0.0
0.5075060643876959,0.1840523420855289,0.06448043380576603,0.0,0.0005018812769619936,0.00013978948226488,3.1795371254209995e-05,0.0,4.46030011609e-05,0.0,0.0,0.0045894027246296005,1.3290051914300227e-06,4.215097055399985e-06,1.808779093200002e-05,0.0,1.8312073488000003e-06,0.0,0.0,0.0,0.00032582681682609985,8.93788947161e-05,2.9071497238000003e-06,1.0736063999999998e-08,1.0582838000000001e-08,9.66012e-09,9.067376e-09,8.854912e-09,0.0,0.0,0.0,0.0,0.0,0.0,0.0,0.0,0.0,0.0,0.0,0.0,0.0,0.0,0.0
0.5125130518212808,0.18811106107960154,0.06512410129620336,0.0,0.0007316789130464354,0.00015904936483492,4.674369494072e-05,0.0,5.4971546211399996e-05,0.0,0.0,0.004815903668812,1.9138039251799733e-06,6.06973648005999e-06,2.6046396630000047e-05,0.0,2.0189046484800023e-06,0.0,0.0,0.0,0.0003358285810615001,9.16482514435e-05,2.99899924184e-06,1.1646432000000001e-08,1.1504688000000001e-08,1.0516080000000002e-08,9.87536e-09,9.609592e-09,0.0,0.0,0.0,0.0,0.0,0.0,0.0,0.0,0.0,0.0,0.0,0.0,0.0,0.0,0.0
0.5172861837347797,0.19239578270079313,0.06580160781522051,0.0,0.0010103252419447488,0.00017955182332290003,6.51649719004e-05,0.0,6.672660591415e-05,0.0,0.0,0.0050491836402448,2.604932938509992e-06,8.261574285359982e-06,3.545200828599989e-05,0.0,2.2157604216000012e-06,0.0,0.0,0.0,0.00034959539190560006,9.4801910347e-05,3.12797211489e-06,1.2588192e-08,1.2426538e-08,1.1331280000000002e-08,1.0638456e-08,1.0414584e-08,0.0,0.0,0.0,0.0,0.0,0.0,0.0,0.0,0.0,0.0,0.0,0.0,0.0,0.0,0.0
0.5217797303423375,0.19575831926122475,0.06644682473186155,0.0,0.0013413537091067904,0.00020129684868622002,8.743674201027001e-05,0.0,7.997700297405e-05,0.0,0.0,0.005289359266632001,3.4024623436299667e-06,1.0790638023219987e-05,4.6304625900000085e-05,0.0,2.4217705512000017e-06,0.0,0.0,0.0,0.0003671287548277003,9.87282762063e-05,3.29406888293e-06,1.349856e-08,1.3311514000000001e-08,1.218724e-08,1.1401552e-08,1.1169264000000002e-08,0.0,0.0,0.0,0.0,0.0,0.0,0.0,0.0,0.0,0.0,0.0,0.0,0.0,0.0,0.0
0.5258112357758862,0.19897420532664536,0.06712725446889183,0.0,0.0017288415255981408,0.00022428445840724003,0.00011399461510021,0.0,9.484102445545e-05,0.0,0.0,0.005536551298107201,4.306392140539979e-06,1.3656900170539982e-05,5.860424993799993e-05,0.0,2.6369371022400024e-06,0.0,0.0,0.0,0.00038457674472520015,0.00010248300195165001,3.4608406259700004e-06,1.4408927999999999e-08,1.4233364000000001e-08,1.3002440000000003e-08,1.2209536e-08,1.1923944e-08,0.0,0.0,0.0,0.0,0.0,0.0,0.0,0.0,0.0,0.0,0.0,0.0,0.0,0.0,0.0
0.5310423225124867,0.2013359318295427,0.06784519523056266,0.0,0.0021774097530355974,0.0002485146350036,0.00014533229641369,0.0,0.00011144643461315001,0.0,0.0,0.005790881114550401,5.316722329239975e-06,1.6860374503280005e-05,7.235087993400012e-05,0.0,2.8612600704000027e-06,0.0,0.0,0.0,0.00040181036249849997,0.0001060243172336,3.62693712402e-06,1.5350688e-08,1.5155214e-08,1.381764e-08,1.2972632000000002e-08,1.2678624e-08,0.0,0.0,0.0,0.0,0.0,0.0,0.0,0.0,0.0,0.0,0.0,0.0,0.0,0.0,0.0
0.5368813905300087,0.20383180972659545,0.06852692757039855,3.904409010354389e-05,0.0026922227900320703,0.00027398739625908,0.00018200158409313,0.0,0.00012993043618555002,0.0,0.0,0.006052474853002401,6.43345298330001e-06,2.0401047216659985e-05,8.754465894999998e-05,1.50936471e-08,3.094739455680002e-06,0.0,0.0,0.0,0.0004207247307610005,0.0001097287926813,3.81058297207e-06,1.6261056e-08,1.604019e-08,1.4673600000000001e-08,1.3780616000000001e-08,1.3433304e-08,0.0,0.0,4.1122160513e-07,0.0,0.0,0.0,0.0,0.0,0.0,5.521492787e-07,0.0,0.0,0.0,0.0,0.0
0.5424354056577019,0.20738529463015,0.06927419855442324,0.0001561761511169994,0.003278988800457821,0.0003007027063047,0.00022461231983009,0.0,0.00015043972171865,0.0,0.0,0.0063214599166432,7.65668916068003e-06,2.427893211546e-05,0.00010418530132799991,2.4149473936e-07,3.3373752580800013e-06,0.0,0.0,0.0,0.0004409629399101001,0.0001134717709156,4.0084035651100005e-06,1.7171423999999998e-08,1.696204e-08,1.5488800000000003e-08,1.4543712e-08,1.4187984000000003e-08,0.0,0.0,1.6481861242000002e-06,0.0,0.0,0.0,0.0,0.0,0.0,2.21264329572e-06,0.0,0.0,0.0,0.0,0.0
0.5485090243440531,0.21177620529720328,0.07001721684541054,0.00035139620473223065,0.003943959543569472,0.00032866060070802,0.00027383248190695006,0.0,0.0001731304224559,0.0,0.0,0.0065979656128464,8.98639598920002e-06,2.849402917085998e-05,0.00012227309272600003,1.22256560132e-06,3.5891654212800025e-06,0.0,0.0,0.0,0.0004623982465854002,0.00011717298637090002,4.21837343816e-06,3.1967164224e-07,1.788389e-08,1.6304e-08,1.5306808000000004e-08,1.4942664e-08,0.0,0.0,3.72079776738e-06,0.0,0.0,0.0,0.0,0.0,0.0,4.993629575990001e-06,0.0,0.0,0.0,0.0,0.0
0.554899227746148,0.2170348600678305,0.07079104534022383,0.0006247046047611307,0.004693930193746081,0.00035786108007188007,0.00033038807109512006,0.0,0.00019816816607770002,0.0,0.0,0.0068821250474032005,1.0422608414609983e-05,3.304633838285999e-05,0.00014180789008199997,3.86390576152e-06,3.850111997280003e-06,0.0,0.0,0.0,0.0004849242179524,0.00012077760679995001,4.43711798621e-06,1.1941670620799998e-06,1.8768866e-08,1.7159960000000003e-08,1.6114792e-08,1.5697344e-08,0.0,0.0,6.64556128534e-06,0.0,0.0,0.0,0.0,0.0,0.0,8.915354121799999e-06,0.0,0.0,0.0,0.0,0.0
0.5626284856797021,0.22282238108943966,0.07156140498119978,0.001112440616422096,0.0055476854271888,0.00039033888703893997,0.00039291253740527006,0.0,0.00022668098781055,0.0,0.0,0.0071764501723608,1.196536160336998e-05,3.793584603314e-05,0.00016859876598200008,7.74480845474e-06,4.211999585280003e-06,0.0,0.0,0.0,0.0005075742983550004,0.000124095724854,4.65383787925e-06,2.6485888723199995e-06,1.9690716e-08,1.7975160000000002e-08,1.6877888e-08,6.590167632000001e-08,0.0,0.0,1.044558593524e-05,0.0,0.0,0.0,0.0,0.0,0.0,1.400615816393e-05,0.0,0.0,0.0,0.0,0.0
0.5704185378880564,0.22951776848060543,0.07236190723009463,0.00144368155848846,0.006470507679097057,0.0004189737957801201,0.00047306664842835004,0.0,0.00025448151218945,0.0,0.0,0.007469723104072801,1.3614690574800003e-05,4.316253834573997e-05,0.000186236882758,1.936200651854e-05,4.4063999179200034e-06,0.0,0.0,0.0,0.0005297535129176001,0.00012705946857725,4.8604328773e-06,4.53733030368e-06,2.0575692000000003e-08,1.8790360000000004e-08,1.7640984e-08,1.9043796368e-07,0.0,0.0,1.515058208131e-05,0.0,0.0,0.0,0.0,0.0,0.0,2.03024848505e-05,0.0,0.0,0.0,0.0,0.0
0.5781857693962749,0.23550284290143594,0.07316427576712281,0.0018291517248724739,0.007529513458426848,0.00045213,0.0005500775,0.0,0.00028976675406315003,0.0,0.0,0.007783765402715201,1.5370630421789977e-05,4.8726470309219975e-05,0.00020371188275799997,3.678780335608e-05,4.6007981856000014e-06,0.0,0.0,0.0,0.0005502305395813998,0.00012954614890755,5.04205407034e-06,6.73926626592e-06,2.1497542e-08,1.964632e-08,1.8448968000000002e-08,4.4084581888e-07,0.0,0.0,2.079686062828e-05,0.0,0.0,0.0,0.0,0.0,0.0,2.7848871984789996e-05,0.0,0.0,0.0,0.0,0.0
0.5864782260044508,0.24004873178268557,0.0740414250415622,0.0022160877312914014,0.008678113637756642,0.0004913145984929,0.00062708835157165,0.0,0.00034109075620165,0.0,0.0,0.0081177467235664,1.723325133012002e-05,5.462761442929997e-05,0.00022144314874000004,5.7117903227000004e-05,4.795198513920001e-06,0.0,0.0,0.0,0.0005692295296127002,0.00013163993697954998,5.200050868390001e-06,9.16058647584e-06,2.2419392000000003e-08,2.046152e-08,1.9212064e-08,7.422614890400001e-07,0.0,0.0,2.7427340386790003e-05,0.0,0.0,0.0,0.0,0.0,0.0,3.669795871409e-05,0.0,0.0,0.0,0.0,0.0
0.595434752062443,0.24370156582687233,0.07492112387636646,0.002585435895950378,0.009918100488550467,0.0005365275912588201,0.00069938422013865,0.0,0.00040738424379835005,0.0,0.0,0.0084716677013576,1.9202518206899968e-05,6.08659432117e-05,0.0002394075,8.067500768026002e-05,4.989598846560001e-06,0.0,0.0,0.0,0.0005891499417840001,0.00013365933337199998,5.353322841440001e-06,1.170834298848e-05,2.3304368000000003e-08,2.127672e-08,1.997516e-08,1.0467089603200001e-06,0.0,0.0,3.509153447571e-05,0.0,0.0,0.0,0.0,0.0,0.0,4.6910476356420004e-05,0.0,0.0,0.0,0.0,0.0
0.6087181676656019,0.2487344768932537,0.07582733994787669,0.003017807346950663,0.011355194746977312,0.00058776901446816,0.00076696521791681,0.0,0.00048116250000000005,0.0,0.0,0.0088438657457752,2.127857135011999e-05,6.744148417951998e-05,0.0002573950319640002,0.00011004070277522,5.205599667360004e-06,0.0,0.0,0.0,0.0006107454631247004,0.00013569570584595002,5.503220479470001e-06,1.4350413311999998e-05,2.4226218e-08,5.9179851600000004e-08,2.0783144e-08,1.35176872864e-06,0.0,0.0,4.384556505296e-05,0.0,0.0,0.0,0.0,0.0,0.0,5.85552612049e-05,0.0,0.0,0.0,0.0,0.0
0.6220087037101314,0.25413878598825934,0.07676560857904076,0.0035864861043113125,0.013014483418441346,0.00064654589427302,0.00083768943805546,0.0,0.0005667025203157501,0.0,0.0,0.0092343421262816,2.3461375740459997e-05,7.435423730394001e-05,0.000275102974646,0.00014134260367878,5.421598431840001e-06,0.0,0.0,0.0,0.0006328280220231,0.0001376394040036,5.63961780753e-06,1.708483199328e-05,2.5111194e-08,1.431650164e-07,2.154624e-08,1.6568244720000002e-06,0.0,0.0,5.375215538352999e-05,1.3840054464000003e-07,0.0,0.0,0.0,0.0,0.0,7.170924554558e-05,0.0,0.0,0.0,0.0,0.0
0.635378240091304,0.2606317013196201,0.07776732095704879,0.004313456553469995,0.01490313216629261,0.00071436543737608,0.0009115570298613501,0.0,0.00067255829683315,0.0,0.0,0.0096397722986424,2.575103650945001e-05,8.160420258495998e-05,0.00029225202535400005,0.00018006661290800004,5.637599256960003e-06,0.0,0.0,0.0,0.0006556447116385001,0.00013953805641745,5.76521580558e-06,1.991104402176e-05,2.6033044e-08,2.636911136e-07,2.2309336000000003e-08,1.9678059627200003e-06,0.0,0.0,6.488062813977002e-05,5.536011248600001e-07,0.0,0.0,0.0,0.0,0.0,8.645745192414001e-05,0.0,0.0,0.0,0.0,0.0
0.6489331064862611,0.26738249043066353,0.0788009335268982,0.0052163070969506635,0.017107154954610338,0.0007927346343618801,0.00098856784402773,0.0,0.0008062145468331501,0.0,0.0,0.0100551722986424,2.8147588897119993e-05,8.919135255712e-05,0.00030860838629599995,0.00022685810677669998,5.8751985139200015e-06,0.0,0.0,0.0,0.0006797577858113999,0.00014146477901569998,5.88338934862e-06,2.2889465812799998e-05,2.6954894e-08,4.177639136e-07,2.3072432000000002e-08,2.3006580798400004e-06,0.0,0.0,7.730691050052001e-05,1.24560216214e-06,0.0,0.0,0.0,0.0,0.0,0.00010289301913685,0.0,0.0,0.0,0.0,0.0
0.6628069882224712,0.2736324459571705,0.07990452833813183,0.00630090052973197,0.019685681679097056,0.00088165348553184,0.00106872202986135,1.2312524625e-06,0.00096660199593685,0.0,0.0,0.0104805421262816,3.065103275633e-05,9.711574209369997e-05,0.0003239399680359999,0.0002759085061313,6.112799835840002e-06,0.0,0.0,0.0,0.0007062936392354002,0.00014352660699725,6.0002129416600004e-06,2.6050068564479997e-05,2.783987e-08,6.106292284000002e-07,2.3880416e-08,2.6554477383200003e-06,0.0,0.0,9.111352905198e-05,2.2144034457399998e-06,0.0,0.0,0.0,0.0,0.0,0.0001211171512042,0.0,0.0,0.0,0.0,0.0
0.6771356518687315,0.28061468726953176,0.08103749161223166,0.007555510696109344,0.022633338256197986,0.0009841363316491001,0.00115201943805546,4.92500123125e-06,0.0011579977418737,0.0,0.0,0.0109025880444176,3.326150853221003e-05,0.00010537731643669998,0.00033808294314800026,0.0003381896467915,6.328798596000002e-06,0.0,0.0,0.0,0.0007357915848439005,0.00014579268859135,6.1217613597e-06,2.9394067775040002e-05,2.876172e-08,8.394807320000001e-07,6.521642856e-08,3.01688512136e-06,1.1603696e-08,0.0,0.00010638961545341001,3.46000560788e-06,0.0,0.0,0.0,0.0,0.0,0.00014123920203263,0.0,0.0,0.0,0.0,0.0
0.6920261095631366,0.28755734533521626,0.08220322089068184,0.008962550870281307,0.025942954245389668,0.0011031972259221202,0.00123688853208319,9.85000073875e-06,0.001390025,0.0,0.0,0.011308849194569598,3.597901607761999e-05,0.0001139761029363,0.00035094458881599987,0.00043370884801776,6.566399917920003e-06,0.0,0.0,0.0,0.0007684584733300004,0.00014832569824830001,6.25208418275e-06,3.2982571739519996e-05,2.9646696000000003e-08,1.1072184984000002e-06,1.2661333720000002e-07,3.37872198168e-06,1.0632946413e-07,0.0,0.00012323090926998,4.98240801634e-06,0.0,0.0,0.0,0.0,0.0,0.0001633765678196,0.0,0.0,0.0,0.0,0.0
0.7075420836304467,0.29388179937097847,0.0834735989218759,0.010539608337933938,0.029662915482272352,0.00123883624039028,0.00132490099809249,1.6006253201249998e-05,0.001670168589817,0.0,0.0,0.011700156552867198,3.880362572548e-05,0.00012291210159250002,0.00036252462031400017,0.00057343791477966,6.825599667360004e-06,1.5006993997200002e-06,0.0,1.5584493766200001e-06,0.0008059009647978998,0.00015133317280650004,6.4006313308e-06,3.6966340537920004e-05,3.0568545999999995e-08,1.4163981796e-06,1.8911942832e-07,3.7405678981600003e-06,2.3903836908e-07,0.0,0.00014173974154224,6.781610881860001e-06,0.0,0.0,0.0,0.0,0.0,0.00018765477744862004,0.0,0.0,0.0,0.0,0.0
0.7237379708425653,0.300678728845427,0.08477374684691903,0.01232625504221869,0.03384159687909706,0.0013940675,0.00141762837198157,2.4625002216250003e-05,0.00201232846728095,0.0,0.0,0.012076508851509599,4.1735407514429976e-05,0.00013218531240529998,0.00037282332283400014,0.000748018609681,7.0847994211200015e-06,3.0014e-06,0.0,3.1169003116900004e-06,0.0008482115790613002,0.00015494039955875,6.57212789884e-06,4.1406332725440003e-05,3.1453522e-08,1.7725655812e-06,2.5186746576e-07,4.102318724960001e-06,4.0193808269e-07,0.0,0.00016202504668409002,8.8576139937e-06,0.0,0.0,0.0,0.0,0.0,0.00021420743706734998,0.0,0.0,0.0,0.0,0.0
0.740645079277368,0.3095342753203687,0.0861643814952364,0.014378188142218688,0.03850946565307968,0.00157190534611726,0.00151349896791681,3.5706252708750003e-05,0.0023961892328920003,0.0,0.0,0.012438737701357599,4.4774431630249976e-05,0.0001417957350865,0.0003818637340180002,0.0009451882677300001,7.343999174880002e-06,4.50210180084e-06,0.0,4.67535e-06,0.0008970353366074999,0.00015948938272054998,6.7800725769e-06,4.630687945632e-05,3.2375372e-08,2.1784768944e-06,3.4217763296e-07,4.46400565552e-06,5.903832214699998e-07,0.0,0.00018420236134964003,1.1210418616300001e-05,0.0,0.0,0.0,0.0,0.0,0.00024317629621166002,0.0,0.0,0.0,0.0,0.0
0.7582628311030801,0.3172188689307236,0.08759253386424963,0.01672765247974525,0.043648599146920326,0.00177687089427302,0.0016125129358336202,5.048125320125e-05,0.002803573427291,0.0,0.0,0.012787673447132799,4.792073316582997e-05,0.0001517433428335,0.0003897624680359999,0.0011420352799925999,7.6031989286400035e-06,7.50349969986e-06,0.0,6.2338e-06,0.0009535298467100001,0.0001653481735543,7.03594101994e-06,5.1668027504640005e-05,3.3095668716e-07,2.6342323888e-06,4.9722033608e-07,4.82556932168e-06,8.0074595681e-07,0.0,0.00020839384936229002,1.3840024117440002e-05,0.0,0.0,0.0,0.0,0.0,0.0002747111249219,0.0,0.0,0.0,0.0,0.0
0.7765920403149942,0.3250614972132556,0.08911994948404933,0.0193365392982392,0.04920345194692033,0.00201197855757122,0.00171624181194454,6.771875147750001e-05,0.0032387583483710005,0.0,4.83225289935e-06,0.013123317358297597,5.1174417399840015e-05,0.0001620281627371,0.0003965892091300001,0.0013501768051632002,7.862398682399999e-06,1.0504901200560002e-05,1.49715149715e-06,7.792251870140002e-06,0.0010170136326131003,0.0001727543390462,7.3444572429900005e-06,5.749040910528e-05,8.959397464200001e-07,3.1344387012000003e-06,7.2941518696e-07,5.1871204098400005e-06,1.02993178382e-06,0.0,0.00023472824279145002,1.6746429443420002e-05,0.0,0.0,0.0,0.0,0.0,0.00030896984809323006,0.0,0.0,0.0,0.0,0.0
0.7956393370170998,0.332579869625229,0.09068014938275844,0.02222976353581736,0.055211652195893766,0.0022817494518442404,0.0018231140600370298,8.61874985225e-05,0.0037188513695515,0.0,1.35303e-05,0.013445666895927199,5.453555444449001e-05,0.00017265019450909996,0.0004024608543319999,0.0016176951342062001,8.143198928640003e-06,1.5007000300140003e-05,4.491449999999999e-06,1.0909150000000002e-05,0.0010883562147372004,0.0001820929219421,7.72047123603e-06,6.377268570335999e-05,1.6174934970800003e-06,3.6818357188e-06,1.0395284237600001e-06,5.5485406868000005e-06,1.28318077541e-06,0.0,0.00026334089181070003,1.9929635437200005e-05,0.0,0.0,0.0,0.0,0.0,0.00034611850209365004,0.0,0.0,0.0,0.0,0.0
0.8153982062992551,0.3389074026336375,0.09234655505715524,0.02551432270168263,0.06181117874610336,0.0025907049804791402,0.0019347012160093001,0.00010835001403625,0.0042630996366595005,0.0,2.222834903355e-05,0.013755556208145598,5.800421448555998e-05,0.00018360943872589998,0.0004074937340180002,0.0019645976342062,8.445599667360003e-06,2.2510518908820006e-05,7.48574850285e-06,1.4026049376620001e-05,0.0011699107973703999,0.00019397413053275,8.19368135908e-06,7.051597548192e-05,2.44796087532e-06,4.278935888e-06,1.42776428688e-06,5.9099187016800005e-06,1.55575159445e-06,0.0,0.00029437375053354006,2.338964230952e-05,0.0,0.0,0.0,0.0,0.0,0.00038633116443552,0.0,0.0,0.0,0.0,0.0
0.8358362207725814,0.3461953566880026,0.09403829414501268,0.02918581772974525,0.0690289033950768,0.00294487353805036,0.0020667198398983803,0.00014528750812625003,0.0048191097179225,0.0,3.092640792489e-05,0.014054643447132798,6.158043254237001e-05,0.0001949058948111,0.00041173420913000007,0.0023702314012538006,8.726399917920002e-06,4.802241680784e-05,1.048006018062e-05,1.714295218183e-05,0.0012637481352956999,0.00020894812821525003,8.82078605212e-06,7.759928770848e-05,3.3429632846600007e-06,4.9312776776e-06,1.9041462667199998e-06,6.27118603016e-06,1.83923490856e-06,0.0,0.00032797533905320006,2.7126449638900004e-05,0.0,0.0,0.0,0.0,0.0,0.0004297900462728,0.0,0.0,0.0,0.0,0.0
0.8569564433091819,0.3534971485285149,0.09582901849019296,0.03291593852081996,0.07638460144897345,0.0033668614241135998,0.00221759809593524,0.00019453750517125,0.005392227782077501,4.81950433755e-06,4.735605947120999e-05,0.014342931148490399,6.526434906005002e-05,0.0002065395633411,0.0004153225,0.0027597305381156,9.028798596000002e-06,9.004199459748e-05,2.2457259881189995e-05,2.1818300000000004e-05,0.0013590898373271004,0.00022491543158975,9.54238697517e-06,8.490130925472001e-05,4.31552978426e-06,5.6362006824e-06,2.4635836152e-06,6.63239650608e-06,2.12982660221e-06,0.0,0.00036430086638833,3.114006121866001e-05,0.0,0.0,0.0,0.0,0.0,0.00047653196380033,0.0,0.0,0.0,0.0,0.0
0.8787651512634278,0.36059880284452384,0.09765097524327389,0.036547859931939986,0.08346614085389664,0.003832555345213,0.00237319156003703,0.00024501875123125,0.006035916331263,1.44585006426e-05,7.151730096644999e-05,0.014619587701357599,6.905599905792003e-05,0.0002185104163605,0.00041837493653800015,0.0031808541362164,9.352799835840002e-06,0.00013056090060027998,4.3417348802279995e-05,2.6493650311690005e-05,0.0014544920893929001,0.0002406699705996,1.03281110632e-05,9.244989643968e-05,5.378314793440001e-06,6.3966049764000004e-06,3.10133975056e-06,6.9934389399199995e-06,2.42373148579e-06,1.0796544e-10,0.0004035120242515201,3.54304686192e-05,0.0,0.0,0.0,0.0,0.0,0.00052768453883102,0.0,0.0,0.0,0.0,0.0
0.9012335303688956,0.3676864899296297,0.09950306432351798,0.04006692440698008,0.0902699398049232,0.004298249269326601,0.0025334999320186,0.00029550001182,0.006738413140732001,2.4097500963899995e-05,9.567855096645001e-05,0.014885443447132798,7.295548766751e-05,0.0002308184818247,0.00042093787968599985,0.0037294441362164,9.655198513920002e-06,0.00017107979789902003,6.288030239543998e-05,3.116900498704e-05,0.0015611612766575998,0.0002581676728118,1.1266378421270001e-05,0.00010033347738815998,6.5318223797799994e-06,7.2094543471999996e-06,3.94506761608e-06,7.35441294944e-06,2.7171432122899998e-06,1.727856e-09,0.00044577725730319,3.9997681323820004e-05,0.0,0.0,0.0,0.0,0.0,0.0005812973059537399,0.0,0.0,0.0,0.0,0.0
0.9242807341137074,0.3751305177474208,0.10141688748063063,0.043335358913866945,0.09678883469220673,0.004762436057269801,0.00268909324587065,0.00034475002339375,0.007264484760897001,3.453974341335e-05,0.00012080625,0.015113913447132801,7.696292031462999e-05,0.0002434637591573,0.0004230812974800001,0.0044267983637836005,9.97919975376e-06,0.00021309939369706005,8.234324281367998e-05,3.896124781817e-05,0.0016728373629877,0.00027720426999499996,1.2362591009300001e-05,0.00010858167202175999,7.77636965968e-06,8.094102050400002e-06,5.045546312879999e-06,7.71537186536e-06,3.00626212914e-06,8.751744e-09,0.00049127142887529,4.4841693431800004e-05,0.0,0.0,0.0,0.0,0.0,0.0006408813493639801,0.0,0.0,0.0,0.0,0.0
0.9477962860085105,0.38254780990082093,0.10339456848820049,0.04624177807499999,0.10314824344815647,0.0053622620773064004,0.0028446865600370306,0.00040015625,0.007868611173423001,4.01624951805e-05,0.00014110169207511,0.0153523526417024,8.107833201860004e-05,0.00025644624864649995,0.00042487544314800024,0.0050621947425224,1.032479942112e-05,0.00024311340060028001,0.00010030905239544,4.519504875324e-05,0.0017854156917591999,0.0002971049332804,1.366399545735e-05,0.00011710565887392,9.16940337522e-06,9.0612227224e-06,6.243876360880001e-06,8.076177832800001e-06,3.2872891416399996e-06,2.7635880960000003e-08,0.00054017618810866,4.996250768276001e-05,0.0,0.0,0.0,0.0,0.0,0.00070469379363924,0.0,0.0,0.0,0.0,0.0
0.9716633323868562,0.3903030230967006,0.10539935280380293,0.04880816155285316,0.10895395400984641,0.006099233883866201,0.00301913980590768,0.00044694376403625,0.008751811087474,4.096575401625e-05,0.00015366554168853,0.015619870343059998,8.530186307740998e-05,0.00026976592291329997,0.00042636667716599994,0.0055168789244142,1.0670399092799999e-05,0.00027012601080504006,0.00012276631676807998,4.987040342859e-05,0.0019046557202114,0.0003187050372868001,1.5263739395380002e-05,0.00012592238052096,1.07283280544e-05,1.0111172605600001e-05,7.47308396632e-06,8.43699587512e-06,3.5607793304399998e-06,6.747001632000001e-08,0.00059267963567673,5.536012744854001e-05,0.0,0.0,0.0,0.0,0.0,0.00077003910810019,0.0,0.0,0.0,0.0,0.0
0.9957655936987577,0.3973284335975259,0.10743829508978148,0.05129686039714683,0.11481163631189953,0.0070441856531928,0.0031998794974423,0.0004949624975375,0.009622180521180503,4.25722477509e-05,0.00016139714594091,0.0158450177013576,8.963354858395002e-05,0.0002834228370038999,0.0004276016456680002,0.0058908885987462,1.101599876448e-05,0.00030464209579804,0.00015720074281368,5.6104197506480006e-05,0.0020223368524567,0.00034078612565715,1.7038300778450003e-05,0.00013521166948800002,1.239115518456e-05,1.12442060424e-05,8.71875469464e-06,8.93499964784e-06,3.85008903883e-06,1.3990542048e-07,0.00064897659120656,6.1034540084740004e-05,0.0,0.0,7.400576400000001e-07,0.0,0.0,0.0008338724208230099,0.0,0.0,0.0,0.0,0.0
1.0034723347876442,0.40384508832931376,0.10951839742224463,0.05377969979990679,0.12089151100574017,0.0081639604226936,0.0033649026248536,0.0005639124906425,0.010456195848371002,4.25722477509e-05,0.00016333005560541,0.016038594254224797,9.407356392910001e-05,0.00029741693558389996,0.0004286267091300001,0.006185836378738801,1.1383198928640002e-05,0.00034215959579804,0.00019163519580797997,6.0779547818170006e-05,0.0021301685361012003,0.0003603415484902,1.869271661152e-05,0.00014516800894655998,1.412916102592e-05,1.24603275164e-05,9.97511146024e-06,9.62546946096e-06,4.03925661926e-06,2.591916912e-07,0.0007092684267072601,6.698576139686e-05,0.0,0.0,2.9602272000000005e-06,0.0,0.0,0.00089229225383751,0.0,0.0,0.0,0.0,0.0
1.0280962686293524,0.4104348896057902,0.11165262559089455,0.0562757296735268,0.12683162409794688,0.009267158153192801,0.0035110661251464,0.0006340937618200001,0.011273102782077502,4.096575401625e-05,0.00016816231237056,0.0162388173582976,9.862190911286e-05,0.0003117482736994999,0.00042948879748000006,0.0064559361225520005,1.1750401153440001e-05,0.00039018198559328003,0.00022008105419202,6.545490249352e-05,0.0022365740838469,0.00037856041620725,2.025601162956e-05,0.00015591624864767998,1.59408901617e-05,1.37595174628e-05,1.124549123704e-05,1.048129117144e-05,4.039257735e-06,4.4216898335999997e-07,0.00077376303144265,7.321378485196001e-05,0.0,0.0,6.660509184e-06,0.0,0.0,0.0009545519622336901,0.0,0.0,0.0,0.0,0.0
1.0551331202613679,0.41592983948867235,0.11378859927802024,0.05889780921121322,0.13268751275594978,0.010533121806559801,0.0036635160651309,0.0007141250233937501,0.012153095891345502,4.096575401625e-05,0.00017975968994891997,0.016449839999999997,0.00010327879461900003,0.0003264167965927,0.00043021123401800024,0.006742170861202,1.2117597196320002e-05,0.00043520297838992,0.00025451550718632,7.324714968831e-05,0.0023457160690133,0.00039931145326130003,2.196105085762e-05,0.00016772301183456002,1.782587097344e-05,1.51417355292e-05,1.253114191144e-05,1.149037178696e-05,4.320926298e-06,7.0826841792e-07,0.00084267504932409,7.971860454932001e-05,0.0,0.0,1.1840903591999999e-05,0.0,0.0,0.00102851355322194,0.0,0.0,0.0,0.0,0.0
1.0786921983236375,0.42121550927627605,0.11602489123981442,0.06170455965,0.1389089535901536,0.011957331996811602,0.0038458274431277997,0.0008163187640362501,0.013246938183706501,4.4178750963899995e-05,0.00018652484497446,0.016670001484904,0.00010804422044752002,0.0003414225042634999,0.0004308170568519998,0.007010011964466001,1.252799834976e-05,0.00046821841860868,0.00030092714850285,8.103939688310001e-05,0.0024451394867616,0.0004212816003416,2.366676614064e-05,0.00018082017614303998,1.97840145948e-05,1.6660083028400002e-05,1.3844744343440002e-05,1.2764411997440001e-05,4.52015952684e-06,1.0795122864e-06,0.0009162256749452801,8.650023271186001e-05,0.0,0.0,1.8501411432000002e-05,0.0,0.0,0.00110750716033189,0.0,0.0,0.0,0.0,0.0
1.1025956995649262,0.42639092886752006,0.11825711761640423,0.06479418266800688,0.1457109534497904,0.013497588380677801,0.0040422836931278,0.00092959371478625,0.014422042890118501,4.739174791155e-05,0.00019039065270606002,0.016918411150152,0.00011291836206287,0.0003567654514698999,0.0004313062659819998,0.007220735025742,1.2938399503200004e-05,0.00050273452161008,0.00035482456856466,8.727320031169001e-05,0.0025374713327112005,0.00044298872440600004,2.522263643368e-05,0.00019557082081727998,2.181530590744e-05,1.8331210828e-05,1.5169937754800002e-05,1.414655911168e-05,5.30046066389e-06,1.58051323296e-06,0.00099464265414883,9.355866301738e-05,0.0,0.0,2.6642031696e-05,0.0,0.0,0.00119226755182494,0.0,0.0,0.0,0.0,0.0
1.1310169259586864,0.43160913294964476,0.12054906137396852,0.06804649698326684,0.15295018534199714,0.015367898883866202,0.0042450266845763,0.0010379437876762501,0.015359775597757502,4.81949971083e-05,0.0001952228980671,0.017141896549543997,0.00011790128957725998,0.0003724456382118999,0.00043172579086999996,0.0074798635775220005,1.3348800656640004e-05,0.00055225760990462,0.00041171624999999994,9.506545218183002e-05,0.0026346803263849,0.00046597436564515,2.6790656816700003e-05,0.00020974641773183997,2.391975707978e-05,2.01220935456e-05,1.649550373656e-05,1.55349947228e-05,6.136570557870001e-06,2.23847486784e-06,0.0010781604200030602,0.00010089388956516,0.0,0.0,3.6262764216e-05,0.0,0.0,0.0012781928367408702,0.0,0.0,0.0,0.0,0.0
1.1709973887815464,0.43666466949533855,0.12286409596970871,0.07108629235285314,0.16061408286374304,0.017446189922519402,0.0044587708834051,0.0011376749719274998,0.016368079196742002,4.6588498714799995e-05,0.00020971968034652998,0.017332980798784,0.00012299310819579,0.00038846295497349997,0.00043207506346199995,0.007799336377448,1.3780798185600004e-05,0.00061678772010938,0.00046711078293248996,0.00010441615249352002,0.0027354046421409002,0.00049055501011495,2.858209338474e-05,0.00022188388998815997,2.6097398348500003e-05,2.20181643724e-05,1.7820934605439998e-05,1.6924518582479997e-05,7.531245e-06,3.0831917673600003e-06,0.0011670198894033702,0.00010850592457812,0.0,0.0,4.7363608992000004e-05,0.0,0.0,0.00137343508427032,0.0,0.0,0.0,0.0,0.0
1.1963192724766356,0.4406051544822809,0.12522524903798019,0.0736438776985268,0.16751823259589377,0.0194596744645352,0.0046505123751464,0.0012410999906425,0.017703573032691,4.4178750963899995e-05,0.00024837768962445,0.017530710351368,0.00012819395829001995,0.00040481751127069995,0.0004323549365380001,0.008083634999999999,1.4212799835840003e-05,0.0006828185285133001,0.00052250535149715,0.00011376685311690001,0.002837274907917,0.00051571450998735,3.0482199847820002e-05,0.0002317716533088,2.8368234596080003e-05,2.40185237352e-05,1.9146026121040002e-05,1.831387037512e-05,8.925920557869999e-06,4.14704906496e-06,0.0012614686647711602,0.00011639476194480002,0.0,1.3237770466600001e-06,5.9944586352e-05,0.0,0.0,0.0014834239036145,0.0,0.0,0.0,0.0,0.0
1.215641887427793,0.4449378855810201,0.12876009800466845,0.07557562954587309,0.17304978995594977,0.0213043656934402,0.0047982475568722,0.0013531437219274998,0.019109636130448502,4.176899373465e-05,0.00033052595354132996,0.017634560351367998,0.00013350394513861997,0.0004215093071034999,0.00043258787968599984,0.008334695561276,1.466639785728e-05,0.0007518506627826401,0.0005808941814353399,0.00012311754407789,0.0029385855502338,0.0005405249105663,3.233775985083e-05,0.00023968457322048,3.073247452936e-05,2.61229833228e-05,2.0470757634880003e-05,1.9702926333200002e-05,1.0599529442129999e-05,5.46502265568e-06,0.00136176090147645,0.000124560395343,0.0,1.0028414708320001e-05,8.4839979168e-05,0.0,0.0,0.00159459210595954,0.0,0.0,0.0,0.0,0.0
1.2364232601483822,0.4496412668490295,0.1310966894683449,0.07686688138061311,0.17745784099425987,0.0230209525,0.0049145496222958995,0.0014614937359637501,0.020464375683706505,3.69495151011e-05,0.00046486249059089996,0.017610467699696,0.00013892317394669,0.00043853828771389994,0.00043277417716599994,0.008521539138797999,1.5141600492480001e-05,0.0008148800741879601,0.0006332944529943,0.00013090979594803002,0.003034534263008001,0.0005642094664525001,3.423651852383e-05,0.00024576767982144,3.317626311158e-05,2.8331333628800002e-05,2.179520859872e-05,2.109162759168e-05,1.2273141115740001e-05,7.074679809599999e-06,0.0014681574398486901,0.00013300283720638,0.0,3.342801788398001e-05,9.156000285600001e-05,1.271750905486e-05,0.0,0.00169426191543609,0.0,0.0,5.572011144e-07,0.0,0.0
1.250439107925091,0.45433631846710953,0.13282922948347797,0.07772869398613304,0.18113299410779327,0.024199503503362602,0.0049978468805546,0.0015538374859637501,0.02162237362831,5.3817823095749995e-05,0.0006504208979359199,0.01753569493536,0.00014445174991932995,0.0004559044528136999,0.00043293743653800013,0.008507339273888,1.561679901072e-05,0.0008644032342159601,0.0006886889856273599,0.00013558515062338,0.0031205951677841996,0.0005864876661074,3.628309429192e-05,0.00025032575741184,3.5685938157000004e-05,3.0646782057600006e-05,2.311940190544e-05,2.2480017922e-05,1.4504620557869998e-05,9.01617814944e-06,0.00158092574058778,0.00014172208774568,3.50670561072e-06,7.521301286978e-05,9.744000722399999e-05,3.662640142436e-05,0.0,0.00179403378854591,0.0,0.0,2.2288005572e-06,0.0,0.0
1.261681750722771,0.45516552947522937,0.13420101686530148,0.07816545975974003,0.1838781787803072,0.024773710535464802,0.0050497116165949,0.0016375625233937502,0.022647783993380004,0.00014378184269505,0.00087077147203506,0.01742187575076,0.00015008981335452995,0.00047360785773729994,0.0004330770888159999,0.008155596964466,1.6091997528960007e-05,0.00091842838289202,0.0007395920371197001,0.00014026049625972002,0.0031998728952112,0.0006083925553866,3.8675259689920004e-05,0.00025410266580095997,3.824092507984e-05,3.30864954984e-05,2.444335461248e-05,2.386803141544e-05,1.673609944213e-05,1.133226646848e-05,0.0017003397465209901,0.00015071813431650002,1.2857900701339998e-05,0.00013371203192374002,0.00010583999916000002,6.206140142436001e-05,0.0,0.0019101025089994002,0.0,0.0,4.45760078008e-06,0.0,0.0
1.2828728254580688,0.45647309839364425,0.1359774680298503,0.07815226483325381,0.1860391843118995,0.0251248628129366,0.0050874308834051,0.0017225187219275,0.023733073727090003,0.0003269228020505999,0.00109305489839157,0.017291440798784,0.00015583753979031003,0.0004916484471503,0.0004623184177940003,0.0075118105612759995,1.669679901072e-05,0.0009784563969986002,0.00076204937275668,0.00014493584189606,0.0032756447011123993,0.00063083911219065,4.166140146798e-05,0.00025769839463424,4.081614845388e-05,3.5628165188e-05,2.617590931712e-05,2.52558013988e-05,1.9246514442130003e-05,1.406828391264e-05,0.0018266798871355199,0.0001599909893525,2.454691145522e-05,0.00022731046217608003,0.000118440007224,8.74963893173e-05,0.0,0.0020313808557553006,0.0,0.0,7.24359977712e-06,0.0,0.0
1.3134727010121257,0.4594085303176171,0.13739185899191222,0.07790750101938687,0.18825754255184354,0.0252378976127712,0.0051141492445918,0.00180131876403625,0.024901763185845003,0.0005823562882347,0.0013056739720350601,0.017153527699696,0.00016169492915309993,0.0005100262216291,0.0004539537974800001,0.006738621141840001,1.6912799835840002e-05,0.0010324816171079802,0.0007725293772433199,0.00014649429968831003,0.0033489162547546006,0.0006549119783855501,4.550071137605e-05,0.00026159003952768,4.3402204671640003e-05,3.82447423828e-05,3.271240785672e-05,2.664325995088e-05,2.1756930557869997e-05,1.727216120736e-05,0.00196210164513531,0.00016954065327516002,4.792491706594e-05,0.00038191499409982006,0.00014028000638400002,0.00010428349755823999,1.36625300575e-06,0.0021602084564866,0.0,0.0,1.002959955424e-05,0.0,0.0
1.3413114311513965,0.45991517686902583,0.1397889961637528,0.07760557407214681,0.19023758753625697,0.025224331964535204,0.0051267221334051006,0.0018665749812849998,0.026045860365070003,0.00088196846321115,0.0015182929536725102,0.016990690351368,0.00016766219185309998,0.0005287412353553,0.000393397404574,0.0058821755606306,1.6675198513920002e-05,0.0010790033087040602,0.0007904952314401499,0.00014805274812986,0.0034200245328142006,0.000681740919374,5.033493362415001e-05,0.0002659637192544,4.599795912014e-05,4.08675933568e-05,4.1789495824400007e-05,2.80303572628e-05,2.426734444213e-05,2.099441840832e-05,0.0020978363860347906,0.00017936711280786,8.883642665092e-05,0.0006225965636803401,0.00017304001528800002,0.0001149661994913,5.465e-06,0.0022990155213752,1.25344949862e-06,0.0,1.225839988856e-05,0.0,0.0
1.3602872122575875,0.4613697285149626,0.1423015079452785,0.07726114602087307,0.19164062795594974,0.0251308925,0.0051330088748536,0.001919518768715,0.027101211227090003,0.0011815807530523499,0.00172414681469004,0.016825361948936,0.00016962132034245998,0.0005477934889053,0.0004179087659819998,0.0050047541818917995,1.6977601317600005e-05,0.0011270257342159602,0.00080696382993819,0.00015116964532465002,0.0034899518860511997,0.0007116698690530999,5.613774904710001e-05,0.00027084140130816,4.860172186396e-05,4.332049877160001e-05,5.11718284764e-05,2.94171471684e-05,2.677776e-05,2.52881673552e-05,0.00225176678197333,0.00018947038122722003,0.00015429480607827997,0.00093598406368034,0.00021756001276800003,0.0001297185096653,9.563750000000001e-06,0.002445533687476,2.50690025069e-06,0.0,1.44872011144e-05,0.0,0.0
1.4022179905115166,0.4651359540440789,0.14455378925329213,0.07685808773337308,0.1926924653518435,0.0249892247322676,0.0051408670054082,0.001958918731285,0.02818863826324,0.0014771767010017499,0.00191840328691839,0.016658370351368,0.00018782929479054997,0.0005671829272328999,0.0004876921522779998,0.0042125260755858,1.7344797360480003e-05,0.0011735474258120402,0.0008279239814401499,0.0001527280937662,0.0035592940405970003,0.00074394822304845,6.277887910021e-05,0.00027622576060128004,5.1190451077980004e-05,4.5462108653600006e-05,5.902924080544001e-05,3.080362715208e-05,2.9567109442129997e-05,3.0209111671680002e-05,0.0023739648041051,0.00019985045811176,0.00023027327545309997,0.0013513270658028801,0.00027467999832,0.00015057520193306,1.366250027325e-05,0.0025966751580303,3.7603500000000003e-06,0.0,1.727320178304e-05,0.0,0.0
1.430612279927221,0.46791480801234586,0.14764901956934987,0.07642718143061311,0.19358123477564257,0.024830978771095,0.0051487251359628,0.0019847751034249997,0.029285689811105,0.0017687565369494999,0.0021174919345368004,0.0164739326417024,0.00018243153554773,0.0005869095500499,0.0004815409177940003,0.0035225933181082,1.684799834976e-05,0.0012125655885946798,0.0008503811742490199,0.0001527281031169,0.0036280833418587998,0.0007775415660361501,7.009903913313001e-05,0.00028211696602271994,5.370993128874001e-05,4.73606752152e-05,6.484179690304e-05,3.218973281448e-05,3.235645888426e-05,3.581554492512e-05,0.0024806510909079,0.00021050733102782,0.00029339389883109996,0.0018702966885842003,0.00034020001596000006,0.00017041449511647999,1.7761251366249997e-05,0.0027478009537424,5.013800000000001e-06,0.0,2.1730800891519997e-05,0.0,0.0
1.4503937044695154,0.4676069582244139,0.15113934732777015,0.0759742865541269,0.19425678006374308,0.024701368080669004,0.0051502971222959,0.0020020125280725003,0.030434063263240003,0.0020394517001984997,0.0023165805842813997,0.016295311148490397,0.0001519609589659,0.0006069733576445,0.0004228250319640001,0.0029417333181082,1.5400798185600007e-05,0.0012455810285133002,0.00086235843413502,0.0001527281031169,0.0036960790902388,0.0008108041080301501,7.794635032121002e-05,0.00028851537292991995,5.5996405430980005e-05,4.90632253064e-05,6.905118660935999e-05,3.357560050112e-05,3.4866875e-05,4.21683502176e-05,0.0025955794686670602,0.0002214410126198,0.00036586571332546,0.0024268728768844002,0.00041412002570400004,0.0001902538005087,2.3226252186e-05,0.0029028565692288,6.267250000000001e-06,0.0,2.78600033432e-05,0.0,0.0
1.4741994474399476,0.46767444033200845,0.15354390412268865,0.07549647783877372,0.19467430398030722,0.024570251116133802,0.0051487251359628,0.0020180186748937497,0.031648729702135,0.0022772137805234997,0.0024953738710065,0.0161308131040728,0.00012246215865568998,0.0006273744598209,0.0003827258228340001,0.0024525199999999997,1.360799834976e-05,0.0012680914714866998,0.00087283843862166,0.0001527281031169,0.0037621154057484005,0.0008424272079909501,8.612304579942002e-05,0.0002954204950608,5.794197464960001e-05,5.0568166841600005e-05,7.236820601784e-05,3.4961074244800005e-05,3.737729111574e-05,4.933100284416e-05,0.0027099016040616803,0.00023265150267696,0.00045587101122143996,0.0030126984364868,0.00050232000168,0.00021365401454882,3.005750191275e-05,0.0030415657628642,7.520699749310001e-06,0.0,3.621800200592e-05,0.0,0.0
1.5060821061465817,0.46851126853673986,0.1555872261942868,0.07491900934163992,0.1948033146481565,0.024357749464535203,0.00514715375,0.00203402505639125,0.03278855058706501,0.0024868619261009996,0.0026384084265497995,0.0159629911484904,0.00012310613893669,0.0006481126917287,0.00038570829087,0.0020430137445326003,1.2420000000000005e-05,0.00128159779429734,0.00088481562724332,0.0001527281031169,0.0038288835932781,0.0008730831733054,9.440571964236e-05,0.0003028326501024,5.9583370610959993e-05,5.18783061468e-05,7.527210904256001e-05,3.634622951352e-05,3.9608771115740005e-05,5.73695702928e-05,0.00282796277624512,0.00024413878876564,0.0005575652976622,0.0036478306270264008,0.000604800024024,0.00024621080773224,3.8255004098750004e-05,0.003167030181149,8.774150000000001e-06,3.6747051445800005e-06,4.847640690928e-05,1.1406522813e-06,0.0
1.5441356905585664,0.4707654209303014,0.15771006261972667,0.07431515547647317,0.19477822560000002,0.024115106271095,0.0051424389917413,0.002046337603425,0.033857800587065,0.002666790061047,0.0027611476210065,0.0158001537918544,0.00012249702907001002,0.0006691881631721,0.00039167294314800026,0.0017035333296884,1.1728800656640004e-05,0.0012921026483759198,0.0009012842970056999,0.0001527280937662,0.0039002777005080007,0.0009030062104630501,0.00010257701613054001,0.00031080956197824,6.0949319636020006e-05,5.29586254908e-05,7.792041889752e-05,3.773110001632e-05,4.156131611573999e-05,6.635271081312e-05,0.0029607445152112703,0.00025590289596390004,0.0006779620222091001,0.004339790125071001,0.0007148400191520002,0.00028741550488352004,4.918500191274999e-05,0.0032992103940327005,1.0027599749310002e-05,1.469881616868e-05,6.742120880376e-05,5.70326026585e-06,0.0
1.5690024855319413,0.4714381000419876,0.15979464125842316,0.07372302495,0.1946223322041063,0.023890549845038803,0.0051424389917413,0.0020537250376762503,0.034952714811105,0.0027808514148554998,0.0028790546389134,0.0156431326417024,0.00011793686162866997,0.0006906008193931,0.0003894595568519997,0.0014189119393694,1.1512799835840003e-05,0.00129960617718936,0.0009162557829324899,0.00015116965436366,0.0039733145734719005,0.0009310679227463501,0.00011044322823856001,0.00031932660680351996,6.208871849248001e-05,5.38162521672e-05,8.039411667688e-05,3.911575669312e-05,4.295599e-05,7.63516685088e-05,0.0030848562266677904,0.00026794379940442,0.00081238553343054,0.005067684748186601,0.0008324399872320001,0.00033014631261576,6.148125245925e-05,0.0034538417147415,1.128105150414e-05,4.164662229318e-05,9.695280713215999e-05,1.9391057072030002e-05,3.5731057169600006e-06
1.5976005208752753,0.470368056294979,0.16209233638124987,0.07310158379035317,0.1943284599559498,0.023699147500000003,0.005144010377704101,0.0020574186372174998,0.036168451547865,0.0028467178891514997,0.0030075924811818,0.015480296552867197,0.00012338348856686998,0.0007123507151497,0.0003868033228340001,0.0011843090245252002,1.136159843184e-05,0.0013026076459214202,0.0009252386742490199,0.00014961119657141002,0.004044349890002,0.0009570027982887001,0.00011784640614663001,0.0003283519760064,6.310931743322e-05,5.45195455872e-05,8.271728209936e-05,4.0499903709359996e-05,4.4629598884259996e-05,8.744027865408e-05,0.0032069417268644203,0.00028026149866572006,0.00095616023576834,0.005799758127026401,0.0009643200416640001,0.0003840685096653,7.651000027325001e-05,0.0036338912846466996,1.378794799448e-05,8.819281077912e-05,0.00013539960367752,3.9922749315609996e-05,1.2505850000000003e-05
1.6293533182491415,0.47023930474789444,0.16480112808285008,0.0724654850569931,0.19380165538441346,0.023515281116133803,0.0051267221334051006,0.0020586499155362497,0.037600175587065,0.0029222235851445,0.0031805869345367995,0.015299181493211998,0.00011324966616536998,0.0007344377409259001,0.00038810825937200024,0.0009906890245252001,1.0648798596000002e-05,0.00129960617718936,0.00093422163712932,0.00014805274812986,0.004115589048258401,0.00098202325588275,0.00012461781042459,0.00033787842808032,6.405898075393999e-05,5.51503008808e-05,8.485853171976e-05,4.188373979744e-05,4.546640555787e-05,9.969497771327999e-05,0.0033416310769923603,0.0002928560190366,0.00112097511776728,0.0065176241211602004,0.0011146800384720002,0.00045630391363316,9.2905001093e-05,0.0038348369499956,1.5041399749310003e-05,0.00014453819363052,0.00018220441225840002,6.045445342195e-05,2.1438596784210005e-05
1.6530127108498156,0.4720041388724586,0.16732393750898733,0.0718425767944931,0.19302216661558658,0.023295245803197202,0.0051000043694454,0.0020586499155362497,0.03924789024338,0.0030170071108485,0.0033951389524436997,0.0151105908054304,0.0001271548617899,0.0007568621160418999,0.00040285705685199973,0.000828693609681,9.914398267680002e-06,0.00128910132281064,0.0009447016413165299,0.00014649429968831003,0.0041855006044197,0.00100633375119375,0.00013016075750265,0.00034791299860032,6.495576860236001e-05,5.5737568107600004e-05,8.680678134424e-05,4.3267388221759994e-05,4.658214388426e-05,0.00011319478023456001,0.00349579286691774,0.0003057273607278,0.00131618142665092,0.007257219130937201,0.001277640003192,0.0005321001534030799,0.00011066625027325,0.0040199452379117,1.6294851253450003e-05,0.00019965868481124001,0.00023903879788263996,8.098614749057001e-05,2.858480214386e-05
1.6848346581396572,0.4756029869776902,0.17037543523368143,0.07126656645964681,0.1922140233715363,0.023060136271095003,0.0050937176248536,0.00205988119360875,0.040950137676175,0.0031077741391514996,0.0036174223789935,0.0149087057457752,0.00013487153934001997,0.0007796235658430999,0.000405303386296,0.0006954185367878,9.0503990928e-06,0.0012740942657840399,0.0009521874200618099,0.00014493585124676002,0.004251242064844501,0.00102896105040315,0.00013618688651442,0.00035845950451967993,6.581761612334e-05,5.628111085960001e-05,8.856357691552e-05,4.465061301904e-05,4.7418950557870005e-05,0.00012802130890847999,0.0036703248432360903,0.00032061794650516004,0.0015429479777909,0.0080310768729736,0.0014523600769440002,0.00058602237476848,0.0001297937483605,0.004177725590845401,1.880174899724e-05,0.00024742979755020006,0.00030144519153056,9.923655045626e-05,3.7517548928070005e-05
1.7076920944085665,0.47705327797261177,0.17265340606058205,0.07073013199300687,0.19128583764405027,0.0228732573450388,0.0051094338859628005,0.0020611124719275005,0.042551872080445,0.0031937218650540003,0.0038039472599199,0.014705159999999998,0.00012881313635834,0.0008027223105142999,0.00039677579087,0.0005844097196847,8.164799421120001e-06,0.00125758661710798,0.00095817601437264,0.00014337740249352002,0.004307389442514701,0.0010483694021040499,0.00013984408789749999,0.00036950308926048006,6.665830386816e-05,5.678375298960001e-05,9.01544821496e-05,4.603357518768e-05,4.797682167361001e-05,0.00014425875224064,0.0038254319285776807,0.00033140387196094,0.0017977682133254599,0.0088233207537688,0.0016371599808480003,0.00061400088443378,0.000150287503279,0.0043128638291534,2.1308650250690004e-05,0.00028907638726104,0.00037053803187184,0.00011520564885935,4.6450298213450005e-05
1.742828561312103,0.47906485088182504,0.17541632586460132,0.07016145714311312,0.19025012111189954,0.022696926919331003,0.0051235787611092,0.0020623437500000004,0.044129015830445,0.0032949315369494997,0.0039556798789935005,0.014514907358297599,0.00013949144959414002,0.0008261582396749,0.0003771570888159999,0.00048889051845844,7.840800246240002e-06,0.00123657676578404,0.0009656617215541499,0.00014181894470127003,0.0043671894160255,0.0010679296794229001,0.00014550880019557,0.00038105509192703997,6.748641426032001e-05,5.72608736532e-05,9.159273541544e-05,4.7416166556880004e-05,4.853468832639e-05,0.00016199390054016,0.00398882676248565,0.00034525834441278,0.0020946688088836402,0.0096556778768844,0.0018295200571200002,0.00064197939420082,0.00017214749863375,0.0044427935364104,2.381554974931e-05,0.00032949810710442,0.00046191879788263997,0.00013003409840309002,5.359650214386e-05
1.774580572321801,0.480516524513143,0.17856076638333063,0.0695561361750932,0.18929325904815653,0.0225025097322676,0.0051235787611092,0.00206603758446375,0.04557571095213501,0.003437106823899,0.0040909826586429,0.0143221611484904,0.00014784182866628003,0.0008499313533248999,0.000364761613704,0.00040789281110088007,7.754398267680002e-06,0.00121406632281064,0.0009731475,0.00013870204781817,0.0044324705410082,0.00108871631743175,0.00015051862177975,0.00039311614820735995,6.831009018524001e-05,5.772621100840001e-05,9.28797740268e-05,4.879855567184e-05,4.9092559999999995e-05,0.00018131614039872,0.00414536867615398,0.00036204984924554,0.0024441698812976,0.0104980636289818,0.002033640084,0.0006740275000000001,0.00019537375901725003,0.004597007490079101,2.632244924793e-05,0.00037236959534538,0.0005761448084694399,0.00014372189885935,6.074269535497e-05
1.8056139236939628,0.4822481164340774,0.1814110295627118,0.0689845271194931,0.1882933934284637,0.0223111073872288,0.0051110058722959005,0.00206973118425125,0.046798933208755,0.0035969534020035,0.0041895606030996,0.0141377234471328,0.00016443664255277,0.0008740416520407,0.0003830054111840001,0.00033915770735756004,7.38719810352e-06,0.00118855441140532,0.0009821303913165299,0.00013714359937662003,0.0045111006386124005,0.00110851521977245,0.00015460670398369,0.0004056769779984,6.91331728075e-05,5.818757059520001e-05,9.40623798084e-05,5.0180292240160007e-05,4.965043111574e-05,0.00020231746634592003,0.00431564290555112,0.00038018486225112005,0.0028380892794852,0.011322063242320402,0.00225119993616,0.00069081459613388,0.00021996625191275,0.0047697769978215995,2.8829350501380003e-05,0.00041646601175903997,0.0007026292339892,0.00015855034840309002,6.610235071462001e-05
1.844366785163216,0.4846211302963519,0.18447033991203898,0.06847887038887997,0.1872218260196928,0.0221106651127712,0.0050858594974423,0.0020721937406425,0.047933409169555005,0.0037278832371479996,0.0042494807679069,0.013959932298642399,0.00018312971580414006,0.0008984892450500999,0.000390112025354,0.00028203982336348,6.652799835840003e-06,0.0011585403684853,0.00099261046706751,0.00013558515062338,0.004582083303153002,0.00112972844506835,0.00015907386483716003,0.0004188980471587199,6.995647556754001e-05,5.8649470252e-05,9.516805698448e-05,5.156200264624e-05,5.020830223148e-05,0.00022509242032320003,0.00449644587409612,0.00040132591845468005,0.0032764267794851997,0.0121552562442758,0.00248052005712,0.0006892885096653,0.000245924993442,0.0049648733173563,3.1336250000000003e-05,0.0004605623987751,0.0008424864468048,0.00017451944680617999,7.146200107193001e-05
1.8712839355064466,0.4883319297490095,0.18800082366252116,0.06807288238061313,0.18621657950368709,0.021925290154961204,0.005062284505408201,0.002077118853425,0.049012282013240004,0.0038258798351444995,0.0042784741944567,0.0137796488515096,0.00024964564645902005,0.0009449558662159,0.0003980107593720002,0.00023621640555044002,6.134400328320001e-06,0.0011285263969986,0.0009985990613783399,0.00013246825374028001,0.0046626781003054,0.0011575004341417498,0.00016290328987135,0.00043297226706240003,7.077970642328e-05,5.91115402856e-05,9.624736739823999e-05,5.2943446901839995e-05,5.076616888426e-05,0.00024973815302783997,0.004686476483245621,0.00042449787561676,0.0037650267924612003,0.0130252202518134,0.00272075994792,0.00068267540386612,0.00027325,0.0051693955872442,3.3843151253450006e-05,0.00050465878603614,0.00100463163822392,0.00019048854520927,7.682164606959001e-05
1.9039992116020468,0.4925919565445912,0.19129858974197983,0.0676932708291269,0.18514144670368707,0.021738411228905002,0.0050512830025577,0.0020845062876762503,0.049957498628310004,0.0038941559630505,0.0042929707221732,0.013587734254224798,0.0002656406469311701,0.0009297148328699001,0.00043666537968599985,0.00019910590245252,6.285599667360004e-06,0.0010970116912959401,0.00100009617424902,0.00013090979594803002,0.0047395142444106005,0.0011780013944325501,0.00016745487281795998,0.00044795767963391996,7.160239375626e-05,5.9572589688800006e-05,9.732489126960001e-05,5.432451230808e-05,5.145548811875e-05,0.0002763544102128,0.0048688047840091606,0.00043419407675546,0.0043003832075388,0.013952011244275803,0.0029761200252000006,0.00068114931749928,0.00030194125519174996,0.005360306563379101,3.6350048997240004e-05,0.00054998013037752,0.0011935224044576,0.00020645764338422999,8.039474785614001e-05
1.9479581361146119,0.4949795626167105,0.19371830637087264,0.06732392448336005,0.1839122141518435,0.021547008883866202,0.0050402815028505,0.0020943562780725003,0.05079471994551501,0.003931908811047,0.0043084339086429,0.013399972641702399,0.00027212359906115993,0.0009714925311068999,0.0004443542091300001,0.00016877210064540003,6.328798596000002e-06,0.00106549698559328,0.00100009617424902,0.00012935134750648001,0.0048186814011808,0.00119977663949445,0.0001715083720028,0.00046392142043231993,7.242530048954e-05,6.003329915360001e-05,9.840220820728e-05,5.5705278357919996e-05,5.216614643860999e-05,0.00029543075796384,0.00505331923307789,0.00044153492437126003,0.0048860019111636,0.014946495009777001,0.0032482801663200004,0.00068572762523152,0.00033336500792425,0.0055303137882037005,3.8856950250690006e-05,0.0005977512139638601,0.0014180740423472,0.00022128609292797,8.396784964269e-05
1.9763794671874497,0.4975625421235499,0.19651590877110492,0.06704398162490677,0.18278332689794688,0.021378214419331003,0.00502928,0.002107900103425,0.05157420411507001,0.003935925,0.0043161656845368,0.013238798506787998,0.00031140411494360004,0.0010154390072585004,0.0004072141456680002,0.00014360150922922,5.961598431840001e-06,0.00103548301440672,0.00100009617424902,0.00012779289875324002,0.0049086762165318,0.0012201487645619,0.00017531666734960002,0.00048095738136,7.324759179576e-05,6.04944455656e-05,9.947890299728e-05,5.708580441952e-05,5.2847248248e-05,0.00033589755648864,0.005251537900535991,0.0004726584237440601,0.005545261438691799,0.0159869412557242,0.0035288398588800007,0.00069844512523152,0.00036752125792424993,0.0057261901652476,4.136385175483001e-05,0.0006479720953453799,0.0017000172122584,0.00023497389338423004,8.754095178655e-05
2.011142769996719,0.5013053892563629,0.20008405546344918,0.06676110907499998,0.18164905871189954,0.021210926228905004,0.005024564943127799,0.0021226749719275005,0.05221896173676,0.003919859938953,0.004310366853099599,0.013093408506787998,0.00028884379204520004,0.0010586662589833,0.00038445000000000005,0.00012294870587314,5.464799421120001e-06,0.0010069697057026603,0.00100159335868347,0.00012623445031169,0.0049947393780331,0.00124859069590915,0.00017970536046939002,0.0004990077082166399,7.406987793962e-05,6.0955252039200005e-05,0.00010055594566928,5.8465460586640005e-05,5.359607938047999e-05,0.00037701994529375997,0.005446947967756659,0.0004903280486491601,0.006260628561308199,0.016998137481866002,0.0038043600772800002,0.0007147235096653,0.00040441000519175,0.0059566661554409,4.512420175483e-05,0.0006981929767268999,0.0020309940423472003,0.00024752105866894,9.111404821344999e-05
2.047327174079588,0.5041532985014702,0.2029501574310977,0.06627597381525994,0.1802460182922067,0.021022538728905003,0.0050261366277041,0.0021349875187150003,0.052725785188895,0.003922269897798,0.0042891052024436995,0.012931401493211998,0.00022737888095608003,0.0011002948791417001,0.00038445000000000005,0.00010552289935460001,5.313600082080001e-06,0.0009784563969986002,0.00100159335868347,0.00012467600187014003,0.005080968771147501,0.0012747977432257,0.00018522734687380002,0.0005170580347593599,7.489216924584e-05,6.141605892040001e-05,0.00010163299507448001,5.98451202756e-05,5.434356771987e-05,0.00042069856332096,0.00564181176857985,0.0005067549806578201,0.0069970354724718,0.017955015018134002,0.004074839858880001,0.00072845838443378,0.00044266500136625007,0.0062052478879232,4.888454824517001e-05,0.00074473919069076,0.002378129616716,0.00025778689885935,9.468714499766001e-05
2.08195261418951,0.5086433599470832,0.2066105430132422,0.0657087616125932,0.17881967150205313,0.020813051919331003,0.0050167068125732,0.002138681353425,0.05304870076324,0.003939941188953,0.004251413712363599,0.012773549999999998,0.00023864385218666994,0.0011380493385217002,0.00038445000000000005,9.067870587314001e-05,5.615998764480001e-06,0.0009484424258120402,0.00100159335868347,0.00012155909563634001,0.005153003737039001,0.0013028816750408,0.00019061413902559003,0.00053510836130208,7.571446092080001e-05,6.1876865394e-05,0.00010271004447968,6.122477644272e-05,5.5089273106739996e-05,0.00046917294771168003,0.005825111030380601,0.0005165043906961601,0.0078012383498554,0.019102430750426003,0.00435456001344,0.0007320193174992801,0.0004822862461745,0.0064452719420264,5.139144949862e-05,0.00078883560710442,0.0027781992345464,0.00026805273904976004,9.647370393041e-05
2.1129024694519023,0.5147693472504878,0.21057927751943512,0.0651957783375932,0.1774900936881005,0.0205899994645352,0.00498998875,0.0021349875187150003,0.05321550350662001,0.0039552028281045004,0.0042050237876364,0.012634806552867198,0.00022169759779439995,0.0012680402432423,0.00038445000000000005,7.841610212981998e-05,5.7887985960000025e-06,0.0009199291171079802,0.0010030904715541498,0.00011688375000000001,0.005237066846589901,0.0013152528303639998,0.00019506906960205,0.0005531587255152,7.653675222702e-05,6.23376718676e-05,0.000103787093436,6.260443663480001e-05,5.5833860522130006e-05,0.00051984048193344,0.006035988390046301,0.0005407767739740001,0.0086989535849224,0.0204119725,0.0046468799748,0.00073303669226776,0.0005246399882502499,0.006663874271741901,5.3898351002760004e-05,0.00083170709534538,0.0032484759576527997,0.00027945925547512003,9.826025214386002e-05
2.1429104817592206,0.5205659800135309,0.2146970423743725,0.06466374066525996,0.1761407967559498,0.020369964151598603,0.0049632706874268,0.00213006240617875,0.05317487149338,0.0039535965979965,0.0041538020555433,0.012481939656939998,0.00018963862777076002,0.0012533702361191001,0.00038445000000000005,6.841240400148001e-05,5.853600082080002e-06,0.0008914158087040601,0.0010030904715541498,0.00011376685311690001,0.0053629151695057005,0.0013442284006433501,0.00019975558950081,0.00057120905205792,7.735903837088e-05,6.27984783412e-05,0.00010486413610800001,6.398409280192e-05,5.6576943362130005e-05,0.0005869997369107201,0.0062598394548396006,0.0005934672003182601,0.009664465235067001,0.021652150999148002,0.004945079910960001,0.00074371939420082,0.000568359979233,0.0068531872204566,5.7658701002760006e-05,0.0008758035117590401,0.0037532992345463995,0.00029086574452487997,0.00010004680035731
