Time,CMIP6
1850.041667,-0.00137207
1850.125,-0.00148429
1850.208333,-0.000982607
1850.291667,-0.000645659
1850.375,0
1850.458333,-0.000237677
1850.541667,-0.000790039
1850.625,-0.00278512
1850.708333,-0.00306851
1850.791667,-0.00329952
1850.875,-0.00240176
1850.958333,-0.00119387
1851.041667,-0.00137421
1851.125,-0.00148638
1851.208333,-0.000984687
1851.291667,-0.000647668
1851.375,-2.08E-06
1851.458333,-0.000239798
1851.541667,-0.000792138
1851.625,-0.00278729
1851.708333,-0.00307069
1851.791667,-0.00330169
1851.875,-0.0403604
1851.958333,-0.0773323
1852.041667,-0.115778
1852.125,-0.154577
1852.208333,-0.191084
1852.291667,-0.189048
1852.375,-0.187052
1852.458333,-0.188773
1852.541667,-0.186767
1852.625,-0.189115
1852.708333,-0.190932
1852.791667,-0.193868
1852.875,-0.153819
1852.958333,-0.115302
1853.041667,-0.0777263
1853.125,-0.039881
1853.208333,-0.00100141
1853.291667,-0.000664225
1853.375,-1.86E-05
1853.458333,-0.000256353
1853.541667,-0.000808951
1853.625,-0.00280475
1853.708333,-0.00308822
1853.791667,-0.00331932
1853.875,-0.00242142
1853.958333,-0.00121316
1854.041667,-0.00140579
1854.125,-0.00151801
1854.208333,-0.001016
1854.291667,-0.000678724
1854.375,-3.30E-05
1854.458333,-0.00027086
1854.541667,-0.000823716
1854.625,-0.00282003
1854.708333,-0.00310349
1854.791667,-0.00333478
1854.875,-0.00243667
1854.958333,-0.00122813
1855.041667,-0.00142475
1855.125,-0.00153697
1855.208333,-0.00103472
1855.291667,-0.000697412
1855.375,-5.16E-05
1855.458333,-0.000289526
1855.541667,-0.000842669
1855.625,-0.00283975
1855.708333,-0.00312326
1855.791667,-0.00335464
1855.875,-0.00245633
1855.958333,-0.00124735
1856.041667,-0.00144795
1856.125,-0.00156013
1856.208333,-0.00105765
1856.291667,-0.000720209
1856.375,-7.44E-05
1856.458333,-0.000312255
1856.541667,-0.000865869
1856.625,-0.00286374
1856.708333,-0.00314727
1856.791667,-0.00337887
1856.875,-0.00248026
1856.958333,-0.00127086
1857.041667,-0.00147537
1857.125,-0.00158753
1857.208333,-0.0010848
1857.291667,-0.000747128
1857.375,-0.000101206
1857.458333,-0.000339283
1857.541667,-0.000893195
1857.625,-0.00289214
1857.708333,-0.00317575
1857.791667,-0.00340755
1857.875,-0.00250861
1857.958333,-0.00129863
1858.041667,-0.00150694
1858.125,-0.00161915
1858.208333,-0.00111603
1858.291667,-0.000778237
1858.375,-0.000132236
1858.458333,-0.000370345
1858.541667,-0.000924769
1858.625,-0.00292489
1858.708333,-0.0032086
1858.791667,-0.00344066
1858.875,-0.00254128
1858.958333,-0.0013308
1859.041667,-0.00154278
1859.125,-0.00165497
1859.208333,-0.00115152
1859.291667,-0.000813443
1859.375,-0.000167276
1859.458333,-0.000405554
1859.541667,-0.000960579
1859.625,-0.00296203
1859.708333,-0.00324578
1859.791667,-0.00347815
1859.875,-0.00257837
1859.958333,-0.00136711
1860.041667,-0.00158286
1860.125,-0.00169502
1860.208333,-0.00119111
1860.291667,-0.000852813
1860.375,-0.000206542
1860.458333,-0.000444936
1860.541667,-0.00100066
1860.625,-0.00300354
1860.708333,-0.00328738
1860.791667,-0.00351999
1860.875,-0.00261983
1860.958333,-0.00140776
1861.041667,-0.00162709
1861.125,-0.00173925
1861.208333,-0.00284489
1861.291667,-0.0787019
1861.375,-0.272033
1861.458333,-0.463287
1861.541667,-0.576228
1861.625,-0.642467
1861.708333,-0.677849
1861.791667,-0.692632
1861.875,-0.690584
1861.958333,-0.670848
1862.041667,-0.641938
1862.125,-0.623435
1862.208333,-0.61405
1862.291667,-0.606409
1862.375,-0.597781
1862.458333,-0.584491
1862.541667,-0.558435
1862.625,-0.518685
1862.708333,-0.468616
1862.791667,-0.423046
1862.875,-0.383883
1862.958333,-0.342843
1863.041667,-0.299926
1863.125,-0.270996
1863.208333,-0.253056
1863.291667,-0.237038
1863.375,-0.221951
1863.458333,-0.208267
1863.541667,-0.192845
1863.625,-0.176777
1863.708333,-0.158459
1863.791667,-0.142844
1863.875,-0.128855
1863.958333,-0.108176
1864.041667,-0.0824924
1864.125,-0.0676375
1864.208333,-0.0620494
1864.291667,-0.0571932
1864.375,-0.0524901
1864.458333,-0.0490265
1864.541667,-0.0455976
1864.625,-0.0433674
1864.708333,-0.0394176
1864.791667,-0.0360535
1864.875,-0.0321258
1864.958333,-0.0222261
1865.041667,-0.00850317
1865.125,-0.0019643
1865.208333,-0.00145963
1865.291667,-0.00112367
1865.375,-0.000482943
1865.458333,-0.000729699
1865.541667,-0.00129599
1865.625,-0.00331295
1865.708333,-0.00360028
1865.791667,-0.00383757
1865.875,-0.00293677
1865.958333,-0.00170994
1866.041667,-0.00192349
1866.125,-0.00202369
1866.208333,-0.00151638
1866.291667,-0.00117599
1866.375,-0.000528747
1866.458333,-0.000768212
1866.541667,-0.0013291
1866.625,-0.00334432
1866.708333,-0.00362875
1866.791667,-0.00386405
1866.875,-0.00295994
1866.958333,-0.00174144
1867.041667,-0.00198118
1867.125,-0.00209322
1867.208333,-0.00158521
1867.291667,-0.00124439
1867.375,-0.000596949
1867.458333,-0.000836597
1867.541667,-0.00139863
1867.625,-0.00341641
1867.708333,-0.00370102
1867.791667,-0.00393683
1867.875,-0.00303185
1867.958333,-0.00181202
1868.041667,-0.00205499
1868.125,-0.00216697
1868.208333,-0.00165815
1868.291667,-0.00131685
1868.375,-0.000669205
1868.458333,-0.000909106
1868.541667,-0.00147232
1868.625,-0.00349284
1868.708333,-0.0037776
1868.791667,-0.00401396
1868.875,-0.0031082
1868.958333,-0.00188688
1869.041667,-0.00213301
1869.125,-0.0022449
1869.208333,-0.00173533
1869.291667,-0.00139359
1869.375,-0.000745615
1869.458333,-0.000985799
1869.541667,-0.00155021
1869.625,-0.0035737
1869.708333,-0.00385857
1869.791667,-0.00409558
1869.875,-0.00318885
1869.958333,-0.00196598
1870.041667,-0.00221517
1870.125,-0.00232712
1870.208333,-0.00181664
1870.291667,-0.00147437
1870.375,-0.000826203
1870.458333,-0.00106661
1870.541667,-0.00163232
1870.625,-0.00365889
1870.708333,-0.00394395
1870.791667,-0.00418159
1870.875,-0.00327389
1870.958333,-0.00204941
1871.041667,-0.00230154
1871.125,-0.00241346
1871.208333,-0.00190207
1871.291667,-0.00155928
1871.375,-0.000910871
1871.458333,-0.00115153
1871.541667,-0.00171868
1871.625,-0.00374838
1871.708333,-0.00403363
1871.791667,-0.00427203
1871.875,-0.00336323
1871.958333,-0.00213709
1872.041667,-0.00239221
1872.125,-0.00250406
1872.208333,-0.00199178
1872.291667,-0.00164838
1872.375,-0.000999683
1872.458333,-0.00124065
1872.541667,-0.00180922
1872.625,-0.00384237
1872.708333,-0.00412774
1872.791667,-0.00436681
1872.875,-0.0603728
1872.958333,-0.116342
1873.041667,-0.173871
1873.125,-0.231836
1873.208333,-0.286618
1873.291667,-0.283739
1873.375,-0.281076
1873.458333,-0.283517
1873.541667,-0.280271
1873.625,-0.282835
1873.708333,-0.285404
1873.791667,-0.289676
1873.875,-0.230283
1873.958333,-0.173261
1874.041667,-0.117002
1874.125,-0.0602478
1874.208333,-0.00218364
1874.291667,-0.00183897
1874.375,-0.00118964
1874.458333,-0.00143128
1874.541667,-0.00200293
1874.625,-0.00404329
1874.708333,-0.00432911
1874.791667,-0.00456965
1874.875,-0.00365756
1874.958333,-0.00242582
1875.041667,-0.00268936
1875.125,-0.00280117
1875.208333,-0.00228574
1875.291667,-0.00194048
1875.375,-0.00129086
1875.458333,-0.00153282
1875.541667,-0.00210611
1875.625,-0.00415031
1875.708333,-0.00443636
1875.791667,-0.00467773
1875.875,-0.00376442
1875.958333,-0.00253063
1876.041667,-0.00279683
1876.125,-0.0029086
1876.208333,-0.00239203
1876.291667,-0.00204613
1876.375,-0.00139621
1876.458333,-0.0016385
1876.541667,-0.00221352
1876.625,-0.00426173
1876.708333,-0.00454793
1876.791667,-0.00479018
1876.875,-0.00387557
1876.958333,-0.00263971
1877.041667,-0.00290858
1877.125,-0.00302024
1877.208333,-0.00250255
1877.291667,-0.00215593
1877.375,-0.00150563
1877.458333,-0.0017483
1877.541667,-0.00232512
1877.625,-0.00437752
1877.708333,-0.0046639
1877.791667,-0.00490705
1877.875,-0.00399109
1877.958333,-0.00275304
1878.041667,-0.00302451
1878.125,-0.00313613
1878.208333,-0.00261719
1878.291667,-0.00226988
1878.375,-0.00161925
1878.458333,-0.00186229
1878.541667,-0.00244094
1878.625,-0.00449761
1878.708333,-0.00478429
1878.791667,-0.00502833
1878.875,-0.00411102
1878.958333,-0.00287065
1879.041667,-0.00314464
1879.125,-0.00325617
1879.208333,-0.00273605
1879.291667,-0.00238798
1879.375,-0.00173692
1879.458333,-0.00198035
1879.541667,-0.00256093
1879.625,-0.00462215
1879.708333,-0.00490904
1879.791667,-0.00515406
1879.875,-0.0232264
1879.958333,-0.0411037
1880.041667,-0.0605611
1880.125,-0.0800852
1880.208333,-0.0981527
1880.291667,-0.0969511
1880.375,-0.0956228
1880.458333,-0.0966034
1880.541667,-0.0959028
1880.625,-0.0981465
1880.708333,-0.0992004
1880.791667,-0.100801
1880.875,-0.0991467
1880.958333,-0.0982662
1881.041667,-0.0987979
1881.125,-0.0993471
1881.208333,-0.0982816
1881.291667,-0.0970792
1881.375,-0.0957506
1881.458333,-0.0967312
1881.541667,-0.0960328
1881.625,-0.0982813
1881.708333,-0.0993351
1881.791667,-0.100937
1881.875,-0.0803592
1881.958333,-0.0603912
1882.041667,-0.041744
1882.125,-0.0228453
1882.208333,-0.00311762
1882.291667,-0.0027671
1882.375,-0.00211488
1882.458333,-0.00235958
1882.541667,-0.0029463
1882.625,-0.00502181
1882.708333,-0.0053095
1882.791667,-0.00555755
1882.875,-0.00463421
1882.958333,-0.00338388
1883.041667,-0.00366734
1883.125,-0.00377869
1883.208333,-0.00325308
1883.291667,-0.00290173
1883.375,-0.00224915
1883.458333,-0.00249431
1883.541667,-0.00308313
1883.625,-0.0376946
1883.708333,-1.56515
1883.791667,-2.464
1883.875,-2.60326
1883.958333,-2.59239
1884.041667,-2.54735
1884.125,-2.49811
1884.208333,-2.41845
1884.291667,-2.35434
1884.375,-2.29979
1884.458333,-2.24825
1884.541667,-2.18233
1884.625,-2.09835
1884.708333,-1.99042
1884.791667,-1.86927
1884.875,-1.73724
1884.958333,-1.60748
1885.041667,-1.47141
1885.125,-1.3374
1885.208333,-1.20827
1885.291667,-1.08888
1885.375,-0.982238
1885.458333,-0.894468
1885.541667,-0.805672
1885.625,-0.717546
1885.708333,-0.633069
1885.791667,-0.55724
1885.875,-0.488504
1885.958333,-0.430246
1886.041667,-0.373593
1886.125,-0.327079
1886.208333,-0.287059
1886.291667,-0.252351
1886.375,-0.223968
1886.458333,-0.209138
1886.541667,-0.233564
1886.625,-0.285025
1886.708333,-0.331338
1886.791667,-0.362513
1886.875,-0.375938
1886.958333,-0.370591
1887.041667,-0.316438
1887.125,-0.303585
1887.208333,-0.297459
1887.291667,-0.291616
1887.375,-0.284257
1887.458333,-0.273886
1887.541667,-0.255355
1887.625,-0.227934
1887.708333,-0.193515
1887.791667,-0.163558
1887.875,-0.139581
1887.958333,-0.115585
1888.041667,-0.091592
1888.125,-0.0780201
1888.208333,-0.0724098
1888.291667,-0.0682944
1888.375,-0.064677
1888.458333,-0.062081
1888.541667,-0.0588392
1888.625,-0.0554961
1888.708333,-0.0496079
1888.791667,-0.0446952
1888.875,-0.0320607
1888.958333,-0.012806
1889.041667,-0.00457773
1889.125,-0.00468884
1889.208333,-0.00415374
1889.291667,-0.00379666
1889.375,-0.00314135
1889.458333,-0.00338938
1889.541667,-0.00399277
1889.625,-0.00610737
1889.708333,-0.00639711
1889.791667,-0.00665341
1889.875,-0.00571767
1889.958333,-0.00444682
1890.041667,-0.00474421
1890.125,-0.00485524
1890.208333,-0.00431843
1890.291667,-0.00396035
1890.375,-0.00330443
1890.458333,-0.00355305
1890.541667,-0.0041591
1890.625,-0.279957
1890.708333,-0.515316
1890.791667,-0.567988
1890.875,-0.608133
1890.958333,-0.654101
1891.041667,-0.609967
1891.125,-0.56503
1891.208333,-0.508774
1891.291667,-0.470555
1891.375,-0.427675
1891.458333,-0.40303
1891.541667,-0.362832
1891.625,-0.34791
1891.708333,-0.332902
1891.791667,-0.314094
1891.875,-0.293453
1891.958333,-0.266043
1892.041667,-0.247128
1892.125,-0.232219
1892.208333,-0.205693
1892.291667,-0.19095
1892.375,-0.174211
1892.458333,-0.163035
1892.541667,-0.145891
1892.625,-0.144096
1892.708333,-0.134367
1892.791667,-0.130117
1892.875,-0.121909
1892.958333,-0.106157
1893.041667,-0.00526898
1893.125,-0.00537981
1893.208333,-0.00483754
1893.291667,-0.00447611
1893.375,-0.00381866
1893.458333,-0.00406897
1893.541667,-0.00468332
1893.625,-0.00682368
1893.708333,-0.00711478
1893.791667,-0.00737653
1893.875,-0.00643257
1893.958333,-0.00514822
1894.041667,-0.00545231
1894.125,-0.00556306
1894.208333,-0.00501884
1894.291667,-0.00465632
1894.375,-0.00399833
1894.458333,-0.00424924
1894.541667,-0.00486651
1894.625,-0.00701371
1894.708333,-0.00730522
1894.791667,-0.00756839
1894.875,-0.00662224
1894.958333,-0.00533422
1895.041667,-0.00563986
1895.125,-0.00575054
1895.208333,-0.00520441
1895.291667,-0.00484071
1895.375,-0.00418207
1895.458333,-0.00443362
1895.541667,-0.00505391
1895.625,-0.00720809
1895.708333,-0.00749992
1895.791667,-0.00776464
1895.875,-0.00681625
1895.958333,-0.00552455
1896.041667,-0.00583162
1896.125,-0.00594226
1896.208333,-0.00539414
1896.291667,-0.00502919
1896.375,-0.00437005
1896.458333,-0.00462214
1896.541667,-0.00524553
1896.625,-0.0074068
1896.708333,-0.00769909
1896.791667,-0.00796524
1896.875,-0.00701459
1896.958333,-0.00571914
1897.041667,-0.00602762
1897.125,-0.0061381
1897.208333,-0.00558796
1897.291667,-0.00522185
1897.375,-0.00456207
1897.458333,-0.00481482
1897.541667,-0.00544132
1897.625,-0.00760995
1897.708333,-0.00790253
1897.791667,-0.00817032
1897.875,-0.00721731
1897.958333,-0.00591801
1898.041667,-0.00622776
1898.125,-0.0063383
1898.208333,-0.00578598
1898.291667,-0.00541865
1898.375,-0.00475823
1898.458333,-0.0050117
1898.541667,-0.00564134
1898.625,-0.00781742
1898.708333,-0.00811041
1898.791667,-0.00837973
1898.875,-0.00742442
1898.958333,-0.00612114
1899.041667,-0.00643221
1899.125,-0.00654263
1899.208333,-0.00598819
1899.291667,-0.00561959
1899.375,-0.00495855
1899.458333,-0.00521258
1899.541667,-0.00584549
1899.625,-0.00802922
1899.708333,-0.00832266
1899.791667,-0.00859364
1899.875,-0.00763583
1899.958333,-0.00632856
1900.041667,-0.00664084
1900.125,-0.0067511
1900.208333,-0.00619457
1900.291667,-0.00582462
1900.375,-0.005163
1900.458333,-0.00541773
1900.541667,-0.00605394
1900.625,-0.00824545
1900.708333,-0.00853921
1900.791667,-0.00881184
1900.875,-0.00785159
1900.958333,-0.00654027
1901.041667,-0.00685364
1901.125,-0.00696391
1901.208333,-0.00640511
1901.291667,-0.0060338
1901.375,-0.00537155
1901.458333,-0.00562693
1901.541667,-0.00626657
1901.625,-0.00846599
1901.708333,-0.0087603
1901.791667,-0.00903454
1901.875,-0.00807177
1901.958333,-0.00675623
1902.041667,-0.00707067
1902.125,-0.00718086
1902.208333,-0.00661983
1902.291667,-0.00624715
1902.375,-0.00558421
1902.458333,-0.00584033
1902.541667,-0.00648342
1902.625,-0.00869096
1902.708333,-0.0121307
1902.791667,-0.310467
1902.875,-1.0717
1902.958333,-1.48394
1903.041667,-1.22247
1903.125,-1.029
1903.208333,-1.0573
1903.291667,-1.05523
1903.375,-1.02965
1903.458333,-0.990476
1903.541667,-0.942877
1903.625,-0.902906
1903.708333,-0.868402
1903.791667,-0.837419
1903.875,-0.79727
1903.958333,-0.792631
1904.041667,-0.823836
1904.125,-0.783878
1904.208333,-0.691684
1904.291667,-0.610337
1904.375,-0.540344
1904.458333,-0.486071
1904.541667,-0.438694
1904.625,-0.401698
1904.708333,-0.368336
1904.791667,-0.339969
1904.875,-0.311993
1904.958333,-0.274263
1905.041667,-0.22996
1905.125,-0.196935
1905.208333,-0.175882
1905.291667,-0.15779
1905.375,-0.141897
1905.458333,-0.129595
1905.541667,-0.118398
1905.625,-0.109924
1905.708333,-0.100433
1905.791667,-0.0923816
1905.875,-0.083936
1905.958333,-0.0678423
1906.041667,-0.0467032
1906.125,-0.0348322
1906.208333,-0.031179
1906.291667,-0.0281064
1906.375,-0.0250876
1906.458333,-0.0233527
1906.541667,-0.0221299
1906.625,-0.0227081
1906.708333,-0.0215182
1906.791667,-0.0205231
1906.875,-0.0183815
1906.958333,-0.0152166
1907.041667,-0.0132168
1907.125,-0.0121628
1907.208333,-0.0113817
1907.291667,-0.0723865
1907.375,-0.446096
1907.458333,-0.202629
1907.541667,-0.421742
1907.625,-0.267526
1907.708333,-0.228932
1907.791667,-0.106557
1907.875,-0.318724
1907.958333,-0.203259
1908.041667,-0.154036
1908.125,-0.321637
1908.208333,-0.235525
1908.291667,-0.133284
1908.375,-0.00694698
1908.458333,-0.00720765
1908.541667,-0.00787288
1908.625,-0.0101322
1908.708333,-0.0104296
1908.791667,-0.0107166
1908.875,-0.00973476
1908.958333,-0.00838768
1909.041667,-0.00870794
1909.125,-0.00881752
1909.208333,-0.00823936
1909.291667,-0.00785647
1909.375,-0.00718857
1909.458333,-0.00744997
1909.541667,-0.00811914
1909.625,-0.0103876
1909.708333,-0.0106856
1909.791667,-0.0109745
1909.875,-0.00998974
1909.958333,-0.00863786
1910.041667,-0.00895863
1910.125,-0.00906809
1910.208333,-0.00848745
1910.291667,-0.00810299
1910.375,-0.00743428
1910.458333,-0.00769647
1910.541667,-0.00836963
1910.625,-0.0106475
1910.708333,-0.010946
1910.791667,-0.0112368
1910.875,-0.0102491
1910.958333,-0.0088922
1911.041667,-0.00921364
1911.125,-0.009323
1911.208333,-0.00873955
1911.291667,-0.00835356
1911.375,-0.00768409
1911.458333,-0.00794717
1911.541667,-0.00862437
1911.625,-0.0109118
1911.708333,-0.0112107
1911.791667,-0.0115035
1911.875,-0.0105127
1911.958333,-0.00915094
1912.041667,-0.00947273
1912.125,-0.009582
1912.208333,-0.00899598
1912.291667,-0.00860831
1912.375,-0.0473057
1912.458333,-0.28966
1912.541667,-0.723013
1912.625,-1.0557
1912.708333,-1.20508
1912.791667,-1.27727
1912.875,-1.29584
1912.958333,-1.20378
1913.041667,-1.01431
1913.125,-0.84857
1913.208333,-0.732251
1913.291667,-0.622114
1913.375,-0.524236
1913.458333,-0.45041
1913.541667,-0.390348
1913.625,-0.35116
1913.708333,-0.320644
1913.791667,-0.295186
1913.875,-0.267498
1913.958333,-0.284549
1914.041667,-0.344305
1914.125,-0.341593
1914.208333,-0.289594
1914.291667,-0.246549
1914.375,-0.21121
1914.458333,-0.185886
1914.541667,-0.165962
1914.625,-0.153351
1914.708333,-0.142469
1914.791667,-0.134192
1914.875,-0.125461
1914.958333,-0.101482
1915.041667,-0.0654276
1915.125,-0.0459088
1915.208333,-0.0419941
1915.291667,-0.0388042
1915.375,-0.0358352
1915.458333,-0.03434
1915.541667,-0.033371
1915.625,-0.0341597
1915.708333,-0.0329913
1915.791667,-0.0320194
1915.875,-0.0298309
1915.958333,-0.0233137
1916.041667,-0.0148366
1916.125,-0.0106875
1916.208333,-0.0100945
1916.291667,-0.00970879
1916.375,-0.0090483
1916.458333,-0.00932933
1916.541667,-0.0100379
1916.625,-0.0123812
1916.708333,-0.0126871
1916.791667,-0.012994
1916.875,-0.0119904
1916.958333,-0.0105806
1917.041667,-0.010856
1917.125,-0.0109405
1917.208333,-0.0103403
1917.291667,-0.00994414
1917.375,-0.0092697
1917.458333,-0.00953804
1917.541667,-0.010241
1917.625,-0.0125886
1917.708333,-0.0128908
1917.791667,-0.0131964
1917.875,-0.0121865
1917.958333,-0.0107929
1918.041667,-0.0111161
1918.125,-0.0112248
1918.208333,-0.0106216
1918.291667,-0.0102236
1918.375,-0.00954842
1918.458333,-0.00981769
1918.541667,-0.0105251
1918.625,-0.0128834
1918.708333,-0.0131861
1918.791667,-0.013494
1918.875,-0.0124807
1918.958333,-0.0110814
1919.041667,-0.0114047
1919.125,-0.0115133
1919.208333,-0.0109072
1919.291667,-0.0105074
1919.375,-0.00983125
1919.458333,-0.0101014
1919.541667,-0.0108135
1919.625,-0.0131825
1919.708333,-0.0134858
1919.791667,-0.013796
1919.875,-0.0127793
1919.958333,-0.0113743
1920.041667,-0.0116976
1920.125,-0.011806
1920.208333,-0.0111968
1920.291667,-0.0107952
1920.375,-0.0101182
1920.458333,-0.0103893
1920.541667,-0.011106
1920.625,-0.013486
1920.708333,-0.0137898
1920.791667,-0.0141023
1920.875,-0.0130821
1920.958333,-0.0116715
1921.041667,-0.0119946
1921.125,-0.0121029
1921.208333,-0.0114907
1921.291667,-0.0110872
1921.375,-0.0104093
1921.458333,-0.0106813
1921.541667,-0.0114028
1921.625,-0.0137938
1921.708333,-0.0140982
1921.791667,-0.0144131
1921.875,-0.0133893
1921.958333,-0.0119729
1922.041667,-0.0695272
1922.125,-0.0124041
1922.208333,-0.0413627
1922.291667,-0.149853
1922.375,-0.175122
1922.458333,-0.189025
1922.541667,-0.264795
1922.625,-0.164743
1922.708333,-0.227799
1922.791667,-0.217094
1922.875,-0.188438
1922.958333,-0.163457
1923.041667,-0.18903
1923.125,-0.165052
1923.208333,-0.125091
1923.291667,-0.136975
1923.375,-0.149374
1923.458333,-0.123664
1923.541667,-0.110551
1923.625,-0.0144226
1923.708333,-0.0147283
1923.791667,-0.0150479
1923.875,-0.0140169
1923.958333,-0.0125886
1924.041667,-0.012911
1924.125,-0.013019
1924.208333,-0.0123972
1924.291667,-0.011988
1924.375,-0.0113073
1924.458333,-0.0115823
1924.541667,-0.0123184
1924.625,-0.0147435
1924.708333,-0.0150497
1924.791667,-0.0153718
1924.875,-0.0143371
1924.958333,-0.0129028
1925.041667,-0.0132249
1925.125,-0.0133328
1925.208333,-0.0127077
1925.291667,-0.0122965
1925.375,-0.011615
1925.458333,-0.011891
1925.541667,-0.012632
1925.625,-0.0150688
1925.708333,-0.0153757
1925.791667,-0.0157003
1925.875,-0.0146619
1925.958333,-0.0132213
1926.041667,-0.013543
1926.125,-0.0136508
1926.208333,-0.0130223
1926.291667,-0.0126092
1926.375,-0.0119266
1926.458333,-0.0122037
1926.541667,-0.0129497
1926.625,-0.0153984
1926.708333,-0.015706
1926.791667,-0.016033
1926.875,-0.0149909
1926.958333,-0.013544
1927.041667,-0.0138652
1927.125,-0.0139729
1927.208333,-0.0133412
1927.291667,-0.012926
1927.375,-0.0122425
1927.458333,-0.0125205
1927.541667,-0.0132717
1927.625,-0.0157325
1927.708333,-0.0160406
1927.791667,-0.0163702
1927.875,-0.0153243
1927.958333,-0.0138711
1928.041667,-0.0141918
1928.125,-0.0142993
1928.208333,-0.0136641
1928.291667,-0.013247
1928.375,-0.0125624
1928.458333,-0.0128416
1928.541667,-0.013598
1928.625,-0.0160708
1928.708333,-0.0163796
1928.791667,-0.167802
1928.875,-0.240475
1928.958333,-0.112567
1929.041667,-0.0991168
1929.125,-0.343103
1929.208333,-0.234265
1929.291667,-0.126407
1929.375,-0.296079
1929.458333,-0.166278
1929.541667,-0.58302
1929.625,-0.389638
1929.708333,-0.209067
1929.791667,-0.284319
1929.875,-0.113358
1929.958333,-0.124534
1930.041667,-0.0148574
1930.125,-0.0149648
1930.208333,-0.0143226
1930.291667,-0.0139013
1930.375,-0.0132147
1930.458333,-0.013496
1930.541667,-0.014263
1930.625,-0.0167606
1930.708333,-0.0170708
1930.791667,-0.0174082
1930.875,-0.0163504
1930.958333,-0.0148779
1931.041667,-0.0151966
1931.125,-0.0153037
1931.208333,-0.0146581
1931.291667,-0.0142346
1931.375,-0.013547
1931.458333,-0.0138294
1931.541667,-0.0146019
1931.625,-0.0171121
1931.708333,-0.0174228
1931.791667,-0.017763
1931.875,-0.0167012
1931.958333,-0.015222
1932.041667,-0.0155399
1932.125,-0.0156469
1932.208333,-0.0149977
1932.291667,-0.166155
1932.375,-0.328331
1932.458333,-0.293112
1932.541667,-0.292784
1932.625,-0.342296
1932.708333,-0.218667
1932.791667,-0.391666
1932.875,-0.278713
1932.958333,-0.113942
1933.041667,-0.140498
1933.125,-0.15522
1933.208333,-0.0449226
1933.291667,-0.192395
1933.375,-0.014224
1933.458333,-0.0145086
1933.541667,-0.015292
1933.625,-0.0178281
1933.708333,-0.0181402
1933.791667,-0.0184857
1933.875,-0.0174159
1933.958333,-0.0159231
1934.041667,-0.0162392
1934.125,-0.016346
1934.208333,-0.0156895
1934.291667,-0.0152595
1934.375,-0.0145686
1934.458333,-0.0148545
1934.541667,-0.0156434
1934.625,-0.0181927
1934.708333,-0.0185055
1934.791667,-0.0188538
1934.875,-0.0177797
1934.958333,-0.01628
1935.041667,-0.0165951
1935.125,-0.0167018
1935.208333,-0.0160416
1935.291667,-0.0156094
1935.375,-0.0149175
1935.458333,-0.0152044
1935.541667,-0.0159991
1935.625,-0.0185615
1935.708333,-0.018875
1935.791667,-0.0192261
1935.875,-0.0181478
1935.958333,-0.0166412
1936.041667,-0.0169553
1936.125,-0.0170618
1936.208333,-0.0163979
1936.291667,-0.0159634
1936.375,-0.0152704
1936.458333,-0.0155585
1936.541667,-0.0163589
1936.625,-0.0189348
1936.708333,-0.019249
1936.791667,-0.019603
1936.875,-0.0185203
1936.958333,-0.0170066
1937.041667,-0.0173196
1937.125,-0.0174261
1937.208333,-0.0167583
1937.291667,-0.0163216
1937.375,-0.0156274
1937.458333,-0.0159167
1937.541667,-0.0167229
1937.625,-0.0193123
1937.708333,-0.0196273
1937.791667,-0.0199842
1937.875,-0.0188973
1937.958333,-0.0173763
1938.041667,-0.0176882
1938.125,-0.0177944
1938.208333,-0.0171229
1938.291667,-0.0166839
1938.375,-0.0159887
1938.458333,-0.0162791
1938.541667,-0.0170912
1938.625,-0.0196943
1938.708333,-0.0200101
1938.791667,-0.0203698
1938.875,-0.0192785
1938.958333,-0.0177504
1939.041667,-0.0180609
1939.125,-0.0181671
1939.208333,-0.0174916
1939.291667,-0.0170503
1939.375,-0.016354
1939.458333,-0.0166456
1939.541667,-0.0174636
1939.625,-0.0200807
1939.708333,-0.0203971
1939.791667,-0.0207598
1939.875,-0.019664
1939.958333,-0.0181286
1940.041667,-0.018438
1940.125,-0.018544
1940.208333,-0.0178646
1940.291667,-0.0174208
1940.375,-0.0167234
1940.458333,-0.0170163
1940.541667,-0.0178403
1940.625,-0.0204713
1940.708333,-0.0207885
1940.791667,-0.0211542
1940.875,-0.020054
1940.958333,-0.0185111
1941.041667,-0.0188191
1941.125,-0.018925
1941.208333,-0.0182416
1941.291667,-0.0177955
1941.375,-0.0170969
1941.458333,-0.017391
1941.541667,-0.0182211
1941.625,-0.0208664
1941.708333,-0.0211843
1941.791667,-0.021553
1941.875,-0.0204482
1941.958333,-0.0188979
1942.041667,-0.0192046
1942.125,-0.0193103
1942.208333,-0.0186229
1942.291667,-0.0181744
1942.375,-0.0174746
1942.458333,-0.0177699
1942.541667,-0.0186062
1942.625,-0.0212658
1942.708333,-0.0215844
1942.791667,-0.0219562
1942.875,-0.0208469
1942.958333,-0.0192891
1943.041667,-0.0195941
1943.125,-0.0196997
1943.208333,-0.0190083
1943.291667,-0.0185574
1943.375,-0.0178564
1943.458333,-0.018153
1943.541667,-0.0189954
1943.625,-0.0216695
1943.708333,-0.021989
1943.791667,-0.0223638
1943.875,-0.0212499
1943.958333,-0.0196844
1944.041667,-0.019988
1944.125,-0.0200934
1944.208333,-0.0193978
1944.291667,-0.0189445
1944.375,-0.0182423
1944.458333,-0.0185401
1944.541667,-0.0193889
1944.625,-0.0220776
1944.708333,-0.0223979
1944.791667,-0.0227758
1944.875,-0.0216573
1944.958333,-0.0200839
1945.041667,-0.0203859
1945.125,-0.0204913
1945.208333,-0.0197916
1945.291667,-0.0193357
1945.375,-0.0186322
1945.458333,-0.0189314
1945.541667,-0.0197865
1945.625,-0.0224901
1945.708333,-0.0228111
1945.791667,-0.0231921
1945.875,-0.0220689
1945.958333,-0.0204878
1946.041667,-0.0207882
1946.125,-0.0208933
1946.208333,-0.0201895
1946.291667,-0.0197311
1946.375,-0.0190264
1946.458333,-0.0193269
1946.541667,-0.0201884
1946.625,-0.0229069
1946.708333,-0.0232288
1946.791667,-0.023613
1946.875,-0.0224849
1946.958333,-0.020896
1947.041667,-0.0211946
1947.125,-0.0212996
1947.208333,-0.0205915
1947.291667,-0.0201305
1947.375,-0.0194247
1947.458333,-0.0197264
1947.541667,-0.0205944
1947.625,-0.0233281
1947.708333,-0.0236507
1947.791667,-0.0240382
1947.875,-0.0229053
1947.958333,-0.0213083
1948.041667,-0.0216052
1948.125,-0.0217101
1948.208333,-0.0209977
1948.291667,-0.0205342
1948.375,-0.0198271
1948.458333,-0.0201302
1948.541667,-0.0210046
1948.625,-0.0237536
1948.708333,-0.024077
1948.791667,-0.0244677
1948.875,-0.02333
1948.958333,-0.021725
1949.041667,-0.0220201
1949.125,-0.0221247
1949.208333,-0.0214081
1949.291667,-0.020942
1949.375,-0.0202335
1949.458333,-0.020538
1949.541667,-0.0214191
1949.625,-0.0241835
1949.708333,-0.0245078
1949.791667,-0.0249018
1949.875,-0.023759
1949.958333,-0.0221459
1950.041667,-0.0224391
1950.125,-0.0225436
1950.208333,-0.0218226
1950.291667,-0.0213538
1950.375,-0.0206441
1950.458333,-0.02095
1950.541667,-0.0218377
1950.625,-0.0246178
1950.708333,-0.0249428
1950.791667,-0.0253401
1950.875,-0.0241925
1950.958333,-0.0225711
1951.041667,-0.0228623
1951.125,-0.0229667
1951.208333,-0.0222412
1951.291667,-0.0217699
1951.375,-0.0210589
1951.458333,-0.0213661
1951.541667,-0.0222605
1951.625,-0.0250564
1951.708333,-0.0253823
1951.791667,-0.0257829
1951.875,-0.0246302
1951.958333,-0.0230006
1952.041667,-0.0232897
1952.125,-0.023394
1952.208333,-0.022664
1952.291667,-0.02219
1952.375,-0.0214777
1952.458333,-0.0217863
1952.541667,-0.0226875
1952.625,-0.0254993
1952.708333,-0.0258261
1952.791667,-0.02623
1952.875,-0.0250724
1952.958333,-0.0234343
1953.041667,-0.0237213
1953.125,-0.0238254
1953.208333,-0.0230911
1953.291667,-0.0226142
1953.375,-0.0219007
1953.458333,-0.0222106
1953.541667,-0.0231188
1953.625,-0.0259466
1953.708333,-0.0262743
1953.791667,-0.0266816
1953.875,-0.0255188
1953.958333,-0.0238722
1954.041667,-0.0241572
1954.125,-0.024261
1954.208333,-0.0235222
1954.291667,-0.0230427
1954.375,-0.0223279
1954.458333,-0.0226392
1954.541667,-0.0235542
1954.625,-0.0263982
1954.708333,-0.0267268
1954.791667,-0.0271376
1954.875,-0.0259695
1954.958333,-0.0243146
1955.041667,-0.0245972
1955.125,-0.024701
1955.208333,-0.0239575
1955.291667,-0.0234752
1955.375,-0.022759
1955.458333,-0.0230719
1955.541667,-0.0239939
1955.625,-0.0268543
1955.708333,-0.0271837
1955.791667,-0.0275979
1955.875,-0.0264247
1955.958333,-0.0247611
1956.041667,-0.0250415
1956.125,-0.025145
1956.208333,-0.0243969
1956.291667,-0.0239119
1956.375,-0.0231944
1956.458333,-0.0235086
1956.541667,-0.0244377
1956.625,-0.0273147
1956.708333,-0.027645
1956.791667,-0.0280627
1956.875,-0.0268842
1956.958333,-0.0252118
1957.041667,-0.0254899
1957.125,-0.0255933
1957.208333,-0.0248406
1957.291667,-0.0243528
1957.375,-0.0236338
1957.458333,-0.0239495
1957.541667,-0.0248857
1957.625,-0.0277795
1957.708333,-0.0281105
1957.791667,-0.0285318
1957.875,-0.027348
1957.958333,-0.0256668
1958.041667,-0.0259425
1958.125,-0.0260458
1958.208333,-0.0252883
1958.291667,-0.0247976
1958.375,-0.0240774
1958.458333,-0.0243946
1958.541667,-0.025338
1958.625,-0.0282485
1958.708333,-0.0285805
1958.791667,-0.0290054
1958.875,-0.0278162
1958.958333,-0.0261262
1959.041667,-0.0263994
1959.125,-0.0265025
1959.208333,-0.0257402
1959.291667,-0.0252468
1959.375,-0.024525
1959.458333,-0.0248436
1959.541667,-0.0257944
1959.625,-0.0287218
1959.708333,-0.0290548
1959.791667,-0.0294833
1959.875,-0.0282887
1959.958333,-0.0265897
1960.041667,-0.0268604
1960.125,-0.0269633
1960.208333,-0.0261963
1960.291667,-0.0256999
1960.375,-0.0249768
1960.458333,-0.0252969
1960.541667,-0.026255
1960.625,-0.0291997
1960.708333,-0.0295336
1960.791667,-0.0299656
1960.875,-0.0287655
1960.958333,-0.0270575
1961.041667,-0.0273256
1961.125,-0.0274284
1961.208333,-0.0266565
1961.291667,-0.0261572
1961.375,-0.0254328
1961.458333,-0.0257543
1961.541667,-0.0267198
1961.625,-0.0296819
1961.708333,-0.0300166
1961.791667,-0.0304524
1961.875,-0.0748182
1961.958333,-0.11973
1962.041667,-0.165555
1962.125,-0.213348
1962.208333,-0.259502
1962.291667,-0.256955
1962.375,-0.256038
1962.458333,-0.257245
1962.541667,-0.257302
1962.625,-0.259096
1962.708333,-0.258356
1962.791667,-0.260475
1962.875,-0.211419
1962.958333,-0.166154
1963.041667,-0.120213
1963.125,-0.076718
1963.208333,-0.302254
1963.291667,-0.896465
1963.375,-1.31789
1963.458333,-1.47668
1963.541667,-1.56871
1963.625,-1.6106
1963.708333,-1.60056
1963.791667,-1.55597
1963.875,-1.48694
1963.958333,-1.39113
1964.041667,-1.27744
1964.125,-1.19018
1964.208333,-1.1251
1964.291667,-1.06172
1964.375,-0.996529
1964.458333,-0.926866
1964.541667,-0.844572
1964.625,-0.754883
1964.708333,-0.662509
1964.791667,-0.584516
1964.875,-0.518447
1964.958333,-0.596802
1965.041667,-0.802133
1965.125,-0.856139
1965.208333,-0.774507
1965.291667,-0.702275
1965.375,-0.637029
1965.458333,-0.579014
1965.541667,-0.521089
1965.625,-0.46647
1965.708333,-0.4128
1965.791667,-0.368313
1965.875,-0.329393
1965.958333,-0.257072
1966.041667,-0.155858
1966.125,-0.10361
1966.208333,-0.0947385
1966.291667,-0.087157
1966.375,-0.080175
1966.458333,-0.0750085
1966.541667,-0.0706355
1966.625,-0.068639
1966.708333,-0.0643504
1966.791667,-0.0609223
1966.875,-0.12844
1966.958333,-0.191833
1967.041667,-0.252988
1967.125,-0.321613
1967.208333,-0.392071
1967.291667,-0.388358
1967.375,-0.38583
1967.458333,-0.38829
1967.541667,-0.385594
1967.625,-0.388554
1967.708333,-0.39024
1967.791667,-0.394895
1967.875,-0.360667
1967.958333,-0.331819
1968.041667,-0.304115
1968.125,-0.276303
1968.208333,-0.244119
1968.291667,-0.241549
1968.375,-0.239545
1968.458333,-0.240997
1968.541667,-0.239599
1968.625,-0.242489
1968.708333,-0.243514
1968.791667,-0.246293
1968.875,-0.226226
1968.958333,-0.207404
1969.041667,-0.190034
1969.125,-0.172584
1969.208333,-0.152466
1969.291667,-0.150851
1969.375,-0.148501
1969.458333,-0.150066
1969.541667,-0.148301
1969.625,-0.152528
1969.708333,-0.155362
1969.791667,-0.158315
1969.875,-0.156756
1969.958333,-0.154318
1970.041667,-0.155634
1970.125,-0.155582
1970.208333,-0.152967
1970.291667,-0.151349
1970.375,-0.148998
1970.458333,-0.150564
1970.541667,-0.148807
1970.625,-0.153052
1970.708333,-0.155886
1970.791667,-0.158842
1970.875,-0.189371
1970.958333,-0.219916
1971.041667,-0.253296
1971.125,-0.287098
1971.208333,-0.31804
1971.291667,-0.314979
1971.375,-0.312731
1971.458333,-0.314785
1971.541667,-0.312761
1971.625,-0.31592
1971.708333,-0.3175
1971.791667,-0.321381
1971.875,-0.291492
1971.958333,-0.264557
1972.041667,-0.238685
1972.125,-0.213023
1972.208333,-0.184304
1972.291667,-0.182418
1972.375,-0.180506
1972.458333,-0.181947
1972.541667,-0.1808
1972.625,-0.184394
1972.708333,-0.186143
1972.791667,-0.188828
1972.875,-0.158207
1972.958333,-0.128196
1973.041667,-0.100172
1973.125,-0.0717186
1973.208333,-0.041913
1973.291667,-0.0412924
1973.375,-0.0404253
1973.458333,-0.0408608
1973.541667,-0.0417045
1973.625,-0.0449729
1973.708333,-0.0455119
1973.791667,-0.0461863
1973.875,-0.0429819
1973.958333,-0.0392139
1974.041667,-0.0375804
1974.125,-0.0357663
1974.208333,-0.0330175
1974.291667,-0.032478
1974.375,-0.0317339
1974.458333,-0.0320764
1974.541667,-0.0331441
1974.625,-0.0363454
1974.708333,-0.0523888
1974.791667,-0.267884
1974.875,-0.731213
1974.958333,-0.879658
1975.041667,-0.567743
1975.125,-0.374612
1975.208333,-0.387112
1975.291667,-0.401723
1975.375,-0.419274
1975.458333,-0.438266
1975.541667,-0.453268
1975.625,-0.462857
1975.708333,-0.462196
1975.791667,-0.456892
1975.875,-0.444556
1975.958333,-0.382806
1976.041667,-0.278659
1976.125,-0.221126
1976.208333,-0.207217
1976.291667,-0.192513
1976.375,-0.177855
1976.458333,-0.165887
1976.541667,-0.155234
1976.625,-0.148381
1976.708333,-0.140242
1976.791667,-0.134136
1976.875,-0.127225
1976.958333,-0.11723
1977.041667,-0.106084
1977.125,-0.0979124
1977.208333,-0.0932974
1977.291667,-0.0907149
1977.375,-0.0886764
1977.458333,-0.0875257
1977.541667,-0.0858703
1977.625,-0.0846545
1977.708333,-0.0794
1977.791667,-0.0745571
1977.875,-0.0685168
1977.958333,-0.0654744
1978.041667,-0.0677861
1978.125,-0.0677955
1978.208333,-0.0648977
1978.291667,-0.063182
1978.375,-0.061634
1978.458333,-0.0610694
1978.541667,-0.0606463
1978.625,-0.0615921
1978.708333,-0.0590899
1978.791667,-0.0568813
1978.875,-0.0531603
1978.958333,-0.0362068
1979.041667,-0.0699789
1979.125,-0.0718539
1979.208333,-0.0711867
1979.291667,-0.069827
1979.375,-0.0670884
1979.458333,-0.0681145
1979.541667,-0.0659997
1979.625,-0.0672521
1979.708333,-0.0774374
1979.791667,-0.0891103
1979.875,-0.0972314
1979.958333,-0.0992175
1980.041667,-0.104078
1980.125,-0.103718
1980.208333,-0.102148
1980.291667,-0.100941
1980.375,-0.097908
1980.458333,-0.114773
1980.541667,-0.132633
1980.625,-0.141647
1980.708333,-0.147527
1980.791667,-0.153242
1980.875,-0.15019
1980.958333,-0.153428
1981.041667,-0.161262
1981.125,-0.165687
1981.208333,-0.163013
1981.291667,-0.159111
1981.375,-0.15521
1981.458333,-0.162397
1981.541667,-0.169032
1981.625,-0.17047
1981.708333,-0.167671
1981.791667,-0.165193
1981.875,-0.161356
1981.958333,-0.128261
1982.041667,-0.0964586
1982.125,-0.100019
1982.208333,-0.131924
1982.291667,-0.375729
1982.375,-0.422223
1982.458333,-0.4848
1982.541667,-0.593774
1982.625,-0.617696
1982.708333,-0.63195
1982.791667,-0.720993
1982.875,-0.976792
1982.958333,-1.23756
1983.041667,-1.36647
1983.125,-1.24841
1983.208333,-1.26268
1983.291667,-1.17543
1983.375,-1.06171
1983.458333,-1.12937
1983.541667,-1.0247
1983.625,-0.829912
1983.708333,-0.805327
1983.791667,-0.841909
1983.875,-0.703274
1983.958333,-0.700034
1984.041667,-0.666603
1984.125,-0.614223
1984.208333,-0.585085
1984.291667,-0.545572
1984.375,-0.532879
1984.458333,-0.502111
1984.541667,-0.482234
1984.625,-0.468478
1984.708333,-0.464844
1984.791667,-0.43568
1984.875,-0.409258
1984.958333,-0.373518
1985.041667,-0.353022
1985.125,-0.328519
1985.208333,-0.304674
1985.291667,-0.277254
1985.375,-0.255036
1985.458333,-0.234438
1985.541667,-0.220459
1985.625,-0.214067
1985.708333,-0.202437
1985.791667,-0.196852
1985.875,-0.186148
1985.958333,-0.219062
1986.041667,-0.274055
1986.125,-0.289408
1986.208333,-0.281801
1986.291667,-0.275154
1986.375,-0.266159
1986.458333,-0.251872
1986.541667,-0.241831
1986.625,-0.238639
1986.708333,-0.225859
1986.791667,-0.224342
1986.875,-0.21639
1986.958333,-0.208798
1987.041667,-0.200668
1987.125,-0.192155
1987.208333,-0.182927
1987.291667,-0.176111
1987.375,-0.17798
1987.458333,-0.171842
1987.541667,-0.161074
1987.625,-0.156335
1987.708333,-0.151408
1987.791667,-0.151296
1987.875,-0.142518
1987.958333,-0.134767
1988.041667,-0.12815
1988.125,-0.126565
1988.208333,-0.122012
1988.291667,-0.116472
1988.375,-0.108103
1988.458333,-0.105718
1988.541667,-0.105142
1988.625,-0.107567
1988.708333,-0.107182
1988.791667,-0.101856
1988.875,-0.0944337
1988.958333,-0.0873909
1989.041667,-0.0839438
1989.125,-0.0817157
1989.208333,-0.0770096
1989.291667,-0.0737436
1989.375,-0.0701607
1989.458333,-0.067721
1989.541667,-0.0663532
1989.625,-0.067116
1989.708333,-0.067306
1989.791667,-0.0653282
1989.875,-0.0597818
1989.958333,-0.0561932
1990.041667,-0.0565192
1990.125,-0.0596129
1990.208333,-0.070869
1990.291667,-0.0773968
1990.375,-0.0805077
1990.458333,-0.0799598
1990.541667,-0.0825465
1990.625,-0.087458
1990.708333,-0.0853564
1990.791667,-0.080821
1990.875,-0.0748553
1990.958333,-0.0689615
1991.041667,-0.0696933
1991.125,-0.0693248
1991.208333,-0.0662026
1991.291667,-0.065607
1991.375,-0.0668639
1991.458333,-0.129424
1991.541667,-0.568665
1991.625,-1.47971
1991.708333,-1.6986
1991.791667,-1.92969
1991.875,-2.15122
1991.958333,-2.20315
1992.041667,-2.21873
1992.125,-2.24411
1992.208333,-2.20874
1992.291667,-2.17172
1992.375,-2.1498
1992.458333,-2.17621
1992.541667,-2.18341
1992.625,-2.16171
1992.708333,-1.95542
1992.791667,-1.79716
1992.875,-1.63397
1992.958333,-1.56804
1993.041667,-1.43851
1993.125,-1.3631
1993.208333,-1.31294
1993.291667,-1.43294
1993.375,-1.34208
1993.458333,-1.20723
1993.541667,-1.12555
1993.625,-1.03361
1993.708333,-0.951315
1993.791667,-0.8412
1993.875,-0.665457
1993.958333,-0.581473
1994.041667,-0.499912
1994.125,-0.438053
1994.208333,-0.389494
1994.291667,-0.34576
1994.375,-0.315313
1994.458333,-0.292197
1994.541667,-0.274956
1994.625,-0.258948
1994.708333,-0.251179
1994.791667,-0.235399
1994.875,-0.21666
1994.958333,-0.198403
1995.041667,-0.187461
1995.125,-0.173464
1995.208333,-0.163739
1995.291667,-0.151038
1995.375,-0.137821
1995.458333,-0.128634
1995.541667,-0.120736
1995.625,-0.114661
1995.708333,-0.109381
1995.791667,-0.101368
1995.875,-0.0927248
1995.958333,-0.0863226
1996.041667,-0.0814246
1996.125,-0.0760162
1996.208333,-0.0745462
1996.291667,-0.0708944
1996.375,-0.0671533
1996.458333,-0.0631281
1996.541667,-0.0586993
1996.625,-0.0586945
1996.708333,-0.0586743
1996.791667,-0.0560479
1996.875,-0.0498283
1996.958333,-0.0468752
1997.041667,-0.0453311
1997.125,-0.0446923
1997.208333,-0.0446948
1997.291667,-0.0430082
1997.375,-0.0400494
1997.458333,-0.0376947
1997.541667,-0.0361701
1997.625,-0.0363528
1997.708333,-0.0371753
1997.791667,-0.0373525
1997.875,-0.0346992
1997.958333,-0.0351848
1998.041667,-0.0348697
1998.125,-0.0363254
1998.208333,-0.036355
1998.291667,-0.0374718
1998.375,-0.0348869
1998.458333,-0.0325925
1998.541667,-0.0319257
1998.625,-0.0359545
1998.708333,-0.0417404
1998.791667,-0.0442976
1998.875,-0.0389348
1998.958333,-0.0351273
1999.041667,-0.0310825
1999.125,-0.0303628
1999.208333,-0.029463
1999.291667,-0.0305514
1999.375,-0.0310223
1999.458333,-0.0317408
1999.541667,-0.0321993
1999.625,-0.0371607
1999.708333,-0.0394251
1999.791667,-0.0391414
1999.875,-0.0354373
1999.958333,-0.0329931
2000.041667,-0.0309418
2000.125,-0.0310411
2000.208333,-0.0316879
2000.291667,-0.0342698
2000.375,-0.030989
2000.458333,-0.0290503
2000.541667,-0.0284123
2000.625,-0.029333
2000.708333,-0.0313302
2000.791667,-0.0346144
2000.875,-0.0388483
2000.958333,-0.0392342
2001.041667,-0.0382116
2001.125,-0.0342121
2001.208333,-0.0326571
2001.291667,-0.0313899
2001.375,-0.0321029
2001.458333,-0.0353972
2001.541667,-0.0396955
2001.625,-0.0474133
2001.708333,-0.0422067
2001.791667,-0.0423468
2001.875,-0.0373199
2001.958333,-0.0332056
2002.041667,-0.0312899
2002.125,-0.0302877
2002.208333,-0.0290072
2002.291667,-0.0269497
2002.375,-0.0270487
2002.458333,-0.027444
2002.541667,-0.0264411
2002.625,-0.0253033
2002.708333,-0.024287
2002.791667,-0.0302899
2002.875,-0.0330072
2002.958333,-0.0376211
2003.041667,-0.0419715
2003.125,-0.0463615
2003.208333,-0.0473053
2003.291667,-0.0430888
2003.375,-0.0412292
2003.458333,-0.0426824
2003.541667,-0.0447652
2003.625,-0.0486628
2003.708333,-0.0518042
2003.791667,-0.0500257
2003.875,-0.0464199
2003.958333,-0.0424517
2004.041667,-0.0386794
2004.125,-0.0381401
2004.208333,-0.0355643
2004.291667,-0.0357764
2004.375,-0.0340722
2004.458333,-0.031936
2004.541667,-0.0312399
2004.625,-0.0320099
2004.708333,-0.0328332
2004.791667,-0.0334021
2004.875,-0.0341367
2004.958333,-0.036797
2005.041667,-0.0406739
2005.125,-0.0466272
2005.208333,-0.0556808
2005.291667,-0.0649362
2005.375,-0.0642271
2005.458333,-0.0657524
2005.541667,-0.0669816
2005.625,-0.0712695
2005.708333,-0.0775043
2005.791667,-0.0962974
2005.875,-0.0964775
2005.958333,-0.0944398
2006.041667,-0.0903999
2006.125,-0.0890809
2006.208333,-0.0803979
2006.291667,-0.0893386
2006.375,-0.0852055
2006.458333,-0.090428
2006.541667,-0.0809532
2006.625,-0.103134
2006.708333,-0.115327
2006.791667,-0.133534
2006.875,-0.12374
2006.958333,-0.125735
2007.041667,-0.12434
2007.125,-0.116198
2007.208333,-0.106897
2007.291667,-0.110819
2007.375,-0.09319
2007.458333,-0.0997167
2007.541667,-0.0888826
2007.625,-0.091743
2007.708333,-0.101431
2007.791667,-0.0912918
2007.875,-0.0827066
2007.958333,-0.0707279
2008.041667,-0.0691332
2008.125,-0.0741687
2008.208333,-0.0748974
2008.291667,-0.0751423
2008.375,-0.0702439
2008.458333,-0.0718704
2008.541667,-0.0881791
2008.625,-0.121137
2008.708333,-0.122503
2008.791667,-0.114059
2008.875,-0.110235
2008.958333,-0.104994
2009.041667,-0.0931709
2009.125,-0.0982783
2009.208333,-0.0978031
2009.291667,-0.103663
2009.375,-0.0930853
2009.458333,-0.121461
2009.541667,-0.161648
2009.625,-0.169228
2009.708333,-0.160624
2009.791667,-0.139657
2009.875,-0.117372
2009.958333,-0.0994261
2010.041667,-0.0860788
2010.125,-0.0849
2010.208333,-0.0811484
2010.291667,-0.0773068
2010.375,-0.0743163
2010.458333,-0.0780645
2010.541667,-0.0680311
2010.625,-0.0729672
2010.708333,-0.0774562
2010.791667,-0.0821784
2010.875,-0.0912454
2010.958333,-0.0879933
2011.041667,-0.0896982
2011.125,-0.0892124
2011.208333,-0.084003
2011.291667,-0.0825671
2011.375,-0.0830914
2011.458333,-0.159029
2011.541667,-0.143021
2011.625,-0.152952
2011.708333,-0.15651
2011.791667,-0.149794
2011.875,-0.134863
2011.958333,-0.116175
2012.041667,-0.0994532
2012.125,-0.0874782
2012.208333,-0.084886
2012.291667,-0.0876278
2012.375,-0.0760467
2012.458333,-0.0701473
2012.541667,-0.06791
2012.625,-0.0638728
2012.708333,-0.0700952
2012.791667,-0.0670992
2012.875,-0.0657417
2012.958333,-0.0602336
2013.041667,-0.0551565
2013.125,-0.0542995
2013.208333,-0.0607864
2013.291667,-0.0569606
2013.375,-0.0549817
2013.458333,-0.048708
2013.541667,-0.0508352
2013.625,-0.0540025
2013.708333,-0.0555691
2013.791667,-0.0533222
2013.875,-0.0543648
2013.958333,-0.0464254
2014.041667,-0.0431063
2014.125,-0.0570645
2014.208333,-0.0758143
2014.291667,-0.0856761
2014.375,-0.0869465
2014.458333,-0.0878462
2014.541667,-0.0898898
2014.625,-0.0888037
2014.708333,-0.0900988
2014.791667,-0.0911395
2014.875,-0.0841612
2014.958333,-0.0844235
