Scenario,Variable,Region,Unit,1750,1751,1752,1753,1754,1755,1756,1757,1758,1759,1760,1761,1762,1763,1764,1765,1766,1767,1768,1769,1770,1771,1772,1773,1774,1775,1776,1777,1778,1779,1780,1781,1782,1783,1784,1785,1786,1787,1788,1789,1790,1791,1792,1793,1794,1795,1796,1797,1798,1799,1800,1801,1802,1803,1804,1805,1806,1807,1808,1809,1810,1811,1812,1813,1814,1815,1816,1817,1818,1819,1820,1821,1822,1823,1824,1825,1826,1827,1828,1829,1830,1831,1832,1833,1834,1835,1836,1837,1838,1839,1840,1841,1842,1843,1844,1845,1846,1847,1848,1849,1850,1851,1852,1853,1854,1855,1856,1857,1858,1859,1860,1861,1862,1863,1864,1865,1866,1867,1868,1869,1870,1871,1872,1873,1874,1875,1876,1877,1878,1879,1880,1881,1882,1883,1884,1885,1886,1887,1888,1889,1890,1891,1892,1893,1894,1895,1896,1897,1898,1899,1900,1901,1902,1903,1904,1905,1906,1907,1908,1909,1910,1911,1912,1913,1914,1915,1916,1917,1918,1919,1920,1921,1922,1923,1924,1925,1926,1927,1928,1929,1930,1931,1932,1933,1934,1935,1936,1937,1938,1939,1940,1941,1942,1943,1944,1945,1946,1947,1948,1949,1950,1951,1952,1953,1954,1955,1956,1957,1958,1959,1960,1961,1962,1963,1964,1965,1966,1967,1968,1969,1970,1971,1972,1973,1974,1975,1976,1977,1978,1979,1980,1981,1982,1983,1984,1985,1986,1987,1988,1989,1990,1991,1992,1993,1994,1995,1996,1997,1998,1999,2000,2001,2002,2003,2004,2005,2006,2007,2008,2009,2010,2011,2012,2013,2014,2015,2016,2017,2018,2019,2020,2021,2022
historical,C2F6,World,ppt,0,0,0,0,0,0,0,0,0,0,0,0,0,0,0,0,0,0,0,0,0,0,0,0,0,0,0,0,0,0,0,0,0,0,0,0,0,0,0,0,0,0,0,0,0,0,0,0,0,0,0,0,0,0,0,0,0,0,0,0,0,0,0,0,0,0,0,0,0,0,0,0,0,0,0,0,0,0,0,0,0,0,0,0,0,0,0,0,0,0,0,0,0,0,0,0,0,0,0,0,0,0,0,0,0,0,0,0,0,0,0,0,0,0,0,0,0,0,0,0,0,0,0,0,0,0,0,0,0,0,0,0,0,0,0,0,0,0,0,0,0,3.72E-08,5.95E-07,3.01E-06,9.52E-06,2.33E-05,4.82E-05,8.93E-05,0.000152388,0.000244096,0.00037204,0.00048,0.0007725,0.001095,0.001455,0.0019125,0.0025225,0.0033175,0.00405,0.005028171,0.00666634,0.00854701,0.01063768,0.01310585,0.015719021,0.018567191,0.022242861,0.02680853,0.031619199,0.03618237,0.040613037,0.043763708,0.046229381,0.050632551,0.056613218,0.062956393,0.069594562,0.076920234,0.085318401,0.094561569,0.103577241,0.110967904,0.115896076,0.119641751,0.124067418,0.130665585,0.140206262,0.152674437,0.167535096,0.184770763,0.203516439,0.225184619,0.253225297,0.289625943,0.324351609,0.342382282,0.35107547,0.36315614,0.378196806,0.392579973,0.406145632,0.420336306,0.434674472,0.448852658,0.462660819,0.47537148,0.486724645,0.496250331,0.504270971,0.51200664,0.519807339,0.527253032,0.534526169,0.541906834,0.549805045,0.558485687,0.568188846,0.57970953,0.593527675,0.610953391,0.633396566,0.661767244,0.697540402,0.743053555,0.800414205,0.861579895,0.921930552,0.988958716,1.0618819,1.138115048,1.220858216,1.305443883,1.380354524,1.450145245,1.529635906,1.613796592,1.69694972,1.785000443,1.879161119,1.975539207,2.070580006,2.16130805,2.246648788,2.330559492,2.416545153,2.508760691,2.61153388,2.726182222,2.849830389,2.978515863,3.105934143,3.227072239,3.344505548,3.459131241,3.566626787,3.665975094,3.761820555,3.854946375,3.941624403,4.015971661,4.090900898,4.170527935,4.246371269,4.327632427,4.434018135,4.512550831,4.595964909,4.674004078,4.782956123,4.883347034,4.990927696,5.03831768,5.149313927
historical,C3F8,World,ppt,0,0,0,0,0,0,0,0,0,0,0,0,0,0,0,0,0,0,0,0,0,0,0,0,0,0,0,0,0,0,0,0,0,0,0,0,0,0,0,0,0,0,0,0,0,0,0,0,0,0,0,0,0,0,0,0,0,0,0,0,0,0,0,0,0,0,0,0,0,0,0,0,0,0,0,0,0,0,0,0,0,0,0,0,0,0,0,0,0,0,0,0,0,0,0,0,0,0,0,0,0,0,0,0,0,0,0,0,0,0,0,0,0,0,0,0,0,0,0,0,0,0,0,0,0,0,0,0,0,0,0,0,0,0,0,0,0,0,0,0,0,0,1.59E-08,8.07E-08,2.55E-07,6.23E-07,1.29E-06,2.39E-06,4.08E-06,6.54E-06,9.96E-06,1.25E-05,2.00E-05,3.00E-05,4.25E-05,5.50E-05,7.25E-05,9.77E-05,0.000117891,0.000143086,0.000185782,0.000238477,0.000298672,0.000366368,0.000439063,0.000519259,0.000621954,0.000749649,0.000884845,0.00101254,0.001137736,0.001227931,0.001295627,0.001418322,0.001588517,0.001768713,0.001956408,0.002164104,0.002404299,0.002671994,0.00293219,0.003144885,0.00329008,0.003400276,0.003530471,0.003728167,0.004015862,0.004396058,0.004856253,0.005398948,0.005996644,0.006701839,0.007637035,0.00888473,0.010107425,0.01076762,0.011107816,0.011585511,0.012200707,0.012818403,0.013433598,0.014113793,0.014846489,0.015624184,0.016434379,0.017237075,0.01800227,0.018674966,0.019260161,0.019827856,0.020383053,0.020888247,0.021353442,0.021791138,0.022223834,0.02267403,0.023156725,0.02370692,0.024342116,0.02511231,0.026060006,0.027202701,0.028595397,0.030348092,0.032670788,0.035343483,0.03825368,0.041728873,0.04578907,0.050609265,0.056534462,0.063107155,0.069234848,0.075025044,0.081340238,0.087657936,0.093420632,0.09922833,0.105863526,0.112901218,0.119773917,0.126806617,0.134386808,0.143247008,0.154307202,0.168527395,0.186432585,0.20792529,0.232522979,0.259635687,0.288700879,0.318986058,0.349663764,0.379928946,0.409064144,0.436484337,0.461564541,0.482094735,0.504414558,0.51796025,0.538941443,0.557497025,0.572638631,0.589184284,0.603367865,0.620226204,0.63523972,0.64934504,0.665600061,0.68605262,0.706004441,0.722504795,0.739862919
historical,C4F10,World,ppt,0,0,0,0,0,0,0,0,0,0,0,0,0,0,0,0,0,0,0,0,0,0,0,0,0,0,0,0,0,0,0,0,0,0,0,0,0,0,0,0,0,0,0,0,0,0,0,0,0,0,0,0,0,0,0,0,0,0,0,0,0,0,0,0,0,0,0,0,0,0,0,0,0,0,0,0,0,0,0,0,0,0,0,0,0,0,0,0,0,0,0,0,0,0,0,0,0,0,0,0,0,0,0,0,0,0,0,0,0,0,0,0,0,0,0,0,0,0,0,0,0,0,0,0,0,0,0,0,0,0,0,0,0,0,0,0,0,0,0,0,0,0,0,0,0,0,0,0,0,0,0,0,0,0,0,0,0,0,0,0,0,0,0,0,0,0,0,0,0,0,0,0,0,0,0,0,0,0,0,0,0,0,0,0,1.63E-06,4.04E-06,6.51E-06,8.98E-06,1.14E-05,1.39E-05,1.64E-05,1.89E-05,2.13E-05,2.38E-05,2.63E-05,2.87E-05,3.12E-05,3.37E-05,3.61E-05,3.86E-05,4.11E-05,4.35E-05,4.60E-05,4.85E-05,5.09E-05,5.34E-05,5.58E-05,5.83E-05,6.08E-05,6.32E-05,6.57E-05,6.81E-05,7.06E-05,7.31E-05,7.55E-05,7.80E-05,8.04E-05,8.29E-05,8.53E-05,8.78E-05,0.000897534,0.002429733,0.004386542,0.006638718,0.009065909,0.011703449,0.014585656,0.017713897,0.021089032,0.024866853,0.02909456,0.033604044,0.038317408,0.043230705,0.048342656,0.05365302,0.059161756,0.064868897,0.070774525,0.076932892,0.083344564,0.089971967,0.09677805,0.103707016,0.110690862,0.117704086,0.124743611,0.131804854,0.138825327,0.145658001,0.151858777,0.15713504,0.161586404,0.165290773,0.168380752,0.171148553,0.173723981,0.176156014,0.178493291,0.180773184,0.183018968,0.185252726,0.187484875,0.189717621,0.191950172,0.194181249,0.196412921,0.198642924,0.200872913,0.203102916,0.20533292,0.207562923,0.209792912
historical,C5F12,World,ppt,0,0,0,0,0,0,0,0,0,0,0,0,0,0,0,0,0,0,0,0,0,0,0,0,0,0,0,0,0,0,0,0,0,0,0,0,0,0,0,0,0,0,0,0,0,0,0,0,0,0,0,0,0,0,0,0,0,0,0,0,0,0,0,0,0,0,0,0,0,0,0,0,0,0,0,0,0,0,0,0,0,0,0,0,0,0,0,0,0,0,0,0,0,0,0,0,0,0,0,0,0,0,0,0,0,0,0,0,0,0,0,0,0,0,0,0,0,0,0,0,0,0,0,0,0,0,0,0,0,0,0,0,0,0,0,0,0,0,0,0,0,0,0,0,0,0,0,0,0,0,0,0,0,0,0,0,0,0,0,0,0,0,0,0,0,0,0,0,0,0,0,0,0,0,0,0,0,0,0,0,0,0,0,0,1.35E-06,3.34E-06,5.38E-06,7.42E-06,9.46E-06,1.15E-05,1.35E-05,1.56E-05,1.76E-05,1.97E-05,2.17E-05,2.37E-05,2.58E-05,2.78E-05,2.99E-05,3.19E-05,3.39E-05,3.60E-05,3.80E-05,4.00E-05,4.21E-05,4.41E-05,4.61E-05,4.82E-05,5.02E-05,5.22E-05,0.000145191,0.000351239,0.000646936,0.001024936,0.001498109,0.00205957,0.002716434,0.003474971,0.004348787,0.005344644,0.006462788,0.007689987,0.009032963,0.01049788,0.012098326,0.013827774,0.015693339,0.017687572,0.019857954,0.022230674,0.024806606,0.027586374,0.030569989,0.033757403,0.037148517,0.040873609,0.04497353,0.049367256,0.054019049,0.058926702,0.064089753,0.069507688,0.075188376,0.081173934,0.08740963,0.093829103,0.100263968,0.106281891,0.111536086,0.116194002,0.120371014,0.124063216,0.127277493,0.129927933,0.132032022,0.133757472,0.135304958,0.136745751,0.138079271,0.139312446,0.140483007,0.141624659,0.142756552,0.14388977,0.145023406,0.146154538,0.147284836,0.148416206,0.149546742,0.150677279,0.151807815,0.152938351,0.154068887
historical,C6F14,World,ppt,0,0,0,0,0,0,0,0,0,0,0,0,0,0,0,0,0,0,0,0,0,0,0,0,0,0,0,0,0,0,0,0,0,0,0,0,0,0,0,0,0,0,0,0,0,0,0,0,0,0,0,0,0,0,0,0,0,0,0,0,0,0,0,0,0,0,0,0,0,0,0,0,0,0,0,0,0,0,0,0,0,0,0,0,0,0,0,0,0,0,0,0,0,0,0,0,0,0,0,0,0,0,0,0,0,0,0,0,0,0,0,0,0,0,0,0,0,0,0,0,0,0,0,0,0,0,0,0,0,0,0,0,0,0,0,0,0,0,0,0,0,0,0,0,0,0,0,0,0,0,0,0,0,0,0,0,0,0,0,0,0,0,0,0,0,0,0,0,0,0,0,0,0,0,0,0,0,0,0,0,0,0,0,0,1.15E-06,2.85E-06,4.58E-06,6.32E-06,8.06E-06,9.80E-06,1.15E-05,1.33E-05,1.50E-05,1.68E-05,1.85E-05,2.02E-05,2.20E-05,2.37E-05,2.54E-05,2.72E-05,2.89E-05,3.07E-05,3.24E-05,3.41E-05,3.59E-05,3.76E-05,3.93E-05,4.11E-05,4.28E-05,4.45E-05,4.63E-05,4.80E-05,4.97E-05,5.14E-05,5.32E-05,0.000145287,0.000282065,0.000421314,0.000561102,0.000762292,0.001107691,0.001624967,0.002315827,0.003180726,0.004241994,0.00548829,0.006909062,0.008788691,0.011240301,0.013909901,0.016648289,0.019423353,0.022222223,0.025052333,0.027916463,0.030842863,0.033795085,0.036748137,0.039700888,0.042652883,0.045604076,0.048554644,0.051504638,0.054454096,0.058313824,0.072875619,0.093097255,0.113998905,0.131503388,0.144452408,0.153829947,0.161219493,0.167688712,0.173588529,0.179099351,0.184274822,0.189045027,0.193385273,0.197299004,0.20084317,0.204047263,0.206914485,0.209549055,0.212012246,0.214416698,0.21681717,0.219217181,0.221615806,0.224015206,0.226414621,0.228814036,0.23121345,0.23361285
historical,C7F16,World,ppt,0,0,0,0,0,0,0,0,0,0,0,0,0,0,0,0,0,0,0,0,0,0,0,0,0,0,0,0,0,0,0,0,0,0,0,0,0,0,0,0,0,0,0,0,0,0,0,0,0,0,0,0,0,0,0,0,0,0,0,0,0,0,0,0,0,0,0,0,0,0,0,0,0,0,0,0,0,0,0,0,0,0,0,0,0,0,0,0,0,0,0,0,0,0,0,0,0,0,0,0,0,0,0,0,0,0,0,0,0,0,0,0,0,0,0,0,0,0,0,0,0,0,0,0,0,0,0,0,0,0,0,0,0,0,0,0,0,0,0,0,0,0,0,0,0,0,0,0,0,0,0,0,0,0,0,0,0,0,0,0,0,0,0,0,0,0,0,0,0,0,0,0,0,0,0,0,0,0,0,0,0,0,0,0,1.00E-06,2.49E-06,3.99E-06,5.51E-06,7.03E-06,8.54E-06,1.01E-05,1.16E-05,1.31E-05,1.46E-05,1.61E-05,1.76E-05,1.91E-05,2.07E-05,2.22E-05,2.37E-05,2.52E-05,2.67E-05,2.82E-05,2.97E-05,3.12E-05,0.000130986,0.000378514,0.000876224,0.001475317,0.002080436,0.002686772,0.0032931,0.003911206,0.004572782,0.005277961,0.005996353,0.006715539,0.007434743,0.008153758,0.008872646,0.009591289,0.010309907,0.011028265,0.011746539,0.012464593,0.013182534,0.013900141,0.014617612,0.015335053,0.01605219,0.016769351,0.017759182,0.019131558,0.020832587,0.022838233,0.025370512,0.028117664,0.030877315,0.033639129,0.036400601,0.039161485,0.041921664,0.044681225,0.047440037,0.050198365,0.052956074,0.055713065,0.058469445,0.061225209,0.063980229,0.066734776,0.06948854,0.072241671,0.074994236,0.077746376,0.080497503,0.083248012,0.085998148,0.088747442,0.091496214,0.094244249,0.096991882,0.099738218,0.102484502,0.105230257,0.107975259,0.110719666,0.113463596,0.116205797,0.118948005,0.121690206,0.124432415,0.127174616
historical,C8F18,World,ppt,0,0,0,0,0,0,0,0,0,0,0,0,0,0,0,0,0,0,0,0,0,0,0,0,0,0,0,0,0,0,0,0,0,0,0,0,0,0,0,0,0,0,0,0,0,0,0,0,0,0,0,0,0,0,0,0,0,0,0,0,0,0,0,0,0,0,0,0,0,0,0,0,0,0,0,0,0,0,0,0,0,0,0,0,0,0,0,0,0,0,0,0,0,0,0,0,0,0,0,0,0,0,0,0,0,0,0,0,0,0,0,0,0,0,0,0,0,0,0,0,0,0,0,0,0,0,0,0,0,0,0,0,0,0,0,0,0,0,0,0,0,0,0,0,0,0,0,0,0,0,0,0,0,0,0,0,0,0,0,0,0,0,0,0,0,0,0,0,0,0,0,0,0,0,0,0,0,0,0,0,0,0,0,0,0,0,0,0,0,0,0,0,0,0,0,0,0,0,0,0,0,0,0,0,0,0,0,0,0,0,0,0,0,0,0,2.08E-05,0.000190599,0.000428484,0.000720487,0.001058281,0.001435363,0.001846186,0.002300143,0.002788735,0.003296888,0.003817783,0.004344617,0.004870567,0.005388822,0.005892572,0.006382812,0.006901409,0.007240498,0.0072405,0.0077454,0.008102532,0.009501247,0.011000001,0.0135,0.016000001,0.018999999,0.022000002,0.026000001,0.029999999,0.034499999,0.039000001,0.043499999,0.048,0.052999999,0.057999998,0.0625,0.067000002,0.071000002,0.074500002,0.077,0.079999998,0.081500001,0.083499998,0.085000001,0.086000003,0.086999997,0.088,0.089000002,0.090000004,0.090999998,0.092235625,0.093509503,0.0947304,0.096072704,0.097412601,0.098749302,0.100083999,0.101415999
historical,c-C4F8,World,ppt,0,0,0,0,0,0,0,0,0,0,0,0,0,0,0,0,0,0,0,0,0,0,0,0,0,0,0,0,0,0,0,0,0,0,0,0,0,0,0,0,0,0,0,0,0,0,0,0,0,0,0,0,0,0,0,0,0,0,0,0,0,0,0,0,0,0,0,0,0,0,0,0,0,0,0,0,0,0,0,0,0,0,0,0,0,0,0,0,0,0,0,0,0,0,0,0,0,0,0,0,0,0,0,0,0,0,0,0,0,0,0,0,0,0,0,0,0,0,0,0,0,0,0,0,0,0,0,0,0,0,0,0,0,0,0,0,0,0,0,0,0,0,0,0,0,0,0,0,0,0,0,0,0,0,0,0,0,0,0,0,0,0,0,0,0,0,0,0,0,0,0,0,0,0,0,0,0,0,0,0,0,0,0,0,1.94E-06,4.81E-06,7.74E-06,1.07E-05,1.36E-05,1.66E-05,1.95E-05,2.24E-05,2.54E-05,2.83E-05,3.13E-05,3.42E-05,3.71E-05,4.01E-05,4.30E-05,4.59E-05,4.89E-05,5.18E-05,5.47E-05,0.001018322,0.003804049,0.008437146,0.014453779,0.021468101,0.029181277,0.037297219,0.0457136,0.054424159,0.063427128,0.072914965,0.082983144,0.093635537,0.105066806,0.117757201,0.131900907,0.147511721,0.164589792,0.183137134,0.203149483,0.224630401,0.247194469,0.270455241,0.294501454,0.319614798,0.345889628,0.373043001,0.401128888,0.43072015,0.462436318,0.496675104,0.534285843,0.576007187,0.622995734,0.668152452,0.706816673,0.73831439,0.763521194,0.782899082,0.797418952,0.809450388,0.820904672,0.833301604,0.84723407,0.862772048,0.879924059,0.898690641,0.919072926,0.941069365,0.96468097,0.990091622,1.017222881,1.04597342,1.076320171,1.108285546,1.141881704,1.177061319,1.213860512,1.252281308,1.292294145,1.334410191,1.37924397,1.426980376,1.477833271,1.53210175,1.589601517,1.647101283,1.704601049,1.762100935,1.819600701
historical,CCl4,World,ppt,0,0,0,0,0,0,0,0,0,0,0,0,0,0,0,0,0,0,0,0,0,0,0,0,0,0,0,0,0,0,0,0,0,0,0,0,0,0,0,0,0,0,0,0,0,0,0,0,0,0,0,0,0,0,0,0,0,0,0,0,0,0,0,0,0,0,0,0,0,0,0,0,0,0,0,0,0,0,0,0,0,0,0,0,0,0,0,0,0,0,0,0,0,0,0,0,0,0,0,0,0,0,0,0,0,0,0,0,0,0,0,0,0,0,0,0,0,0,0,0,0,0,0,0,0,0,0,0,0,0,0,0,0,0,0,0,0,0,0,0,0,0,0,0,0,0,0,0,0,0,0,0.012357995,0.049439516,0.111267373,0.197879568,0.309329301,0.44568494,0.607030094,0.793463588,1.005099297,1.242066622,1.504509687,1.792588234,2.106477022,2.446365833,2.812460184,3.204980373,3.62416172,4.07025528,4.543526649,5.044257641,5.572743893,6.129297733,6.714245319,7.327928543,7.970705032,8.642947197,9.345042229,10.07739258,10.84041691,11.63454723,12.46023369,13.3179388,14.20814133,15.13133526,16.08802986,17.0787487,18.10403252,19.16443634,20.26052666,21.39289284,22.56213379,23.76886559,25.01371765,26.29733658,27.62038231,28.98353195,30.38747978,31.8329277,33.32060242,34.85123444,36.42558289,38.04441452,39.70850754,41.41866302,43.18999863,44.95500183,46.84500122,48.85499954,50.98500061,53.22499847,55.57500076,58.01499939,60.51499939,63.07500076,65.61499786,68.05999756,70.41500092,72.68000031,74.86000061,76.95999908,78.98000336,80.91999817,82.78500366,84.58499908,86.31999969,87.98500061,89.58499908,90.95999908,92.39499664,94.00499725,95.36000061,96.52500153,97.73000336,99,100.3249969,101.8199997,103.1650009,104.3150024,105.5049973,106.1299973,105.9850006,105.534996,104.8499985,104.0650024,103.2350006,102.2549973,101.2600021,100.2549973,99.14499664,98.06999969,97.08000183,96.06999969,95.08999634,94.14499664,93.16500092,92.07499695,90.94000244,89.72499847,88.5,87.35500336,86.19499969,85.08499908,84.01499939,82.93000031,81.77500153,80.64499664,79.67500305,78.80000305,77.82499695,76.875,76.04000092,75.12000275
historical,CF4,World,ppt,34.04999924,34.04999924,34.04999924,34.04999924,34.04999924,34.04999924,34.04999924,34.04999924,34.04999924,34.04999924,34.04999924,34.04999924,34.04999924,34.04999924,34.04999924,34.04999924,34.04999924,34.04999924,34.04999924,34.04999924,34.04999924,34.04999924,34.04999924,34.04999924,34.04999924,34.04999924,34.04999924,34.04999924,34.04999924,34.04999924,34.04999924,34.04999924,34.04999924,34.04999924,34.04999924,34.04999924,34.04999924,34.04999924,34.04999924,34.04999924,34.04999924,34.04999924,34.04999924,34.04999924,34.04999924,34.04999924,34.04999924,34.04999924,34.04999924,34.04999924,34.04999924,34.04999924,34.04999924,34.04999924,34.04999924,34.04999924,34.04999924,34.04999924,34.04999924,34.04999924,34.04999924,34.04999924,34.04999924,34.04999924,34.04999924,34.04999924,34.04999924,34.04999924,34.04999924,34.04999924,34.04999924,34.04999924,34.04999924,34.04999924,34.04999924,34.04999924,34.04999924,34.04999924,34.04999924,34.04999924,34.04999924,34.04999924,34.04999924,34.04999924,34.04999924,34.04999924,34.04999924,34.04999924,34.04999924,34.04999924,34.04999924,34.04999924,34.04999924,34.04999924,34.04999924,34.04999924,34.04999924,34.04999924,34.04999924,34.04999924,34.04999924,34.04999924,34.04999924,34.04999924,34.04999924,34.04999924,34.04999924,34.04999924,34.04999924,34.04999924,34.04999924,34.04999924,34.04999924,34.04999924,34.04999924,34.04999924,34.04999924,34.04999924,34.04999924,34.04999924,34.04999924,34.04999924,34.04999924,34.04999924,34.04999924,34.04999924,34.04999924,34.04999924,34.04999924,34.04999924,34.04999924,34.04999924,34.04999924,34.04999924,34.04999924,34.04999924,34.04999924,34.04999924,34.04999924,34.04999924,34.04999924,34.04999924,34.05000687,34.05002594,34.05008316,34.0501976,34.05041504,34.05076599,34.05130768,34.05209351,34.05319214,34.05410385,34.05662918,34.05939865,34.06251144,34.06646729,34.07170868,34.07853317,34.08488846,34.09314728,34.10703659,34.12303925,34.1408844,34.16199875,34.18439102,34.20880127,34.24026871,34.27941513,34.32081604,34.36023712,34.39855576,34.42599106,34.44747543,34.48553085,34.53752136,34.5930748,34.65146637,34.71614075,34.79058456,34.87298584,34.95396805,35.02097702,35.06629562,35.10097504,35.14187622,35.20317841,35.29268646,35.41105652,35.55390167,35.72173691,35.90688324,36.12412262,36.40930557,36.78652191,37.15510941,37.35486603,37.45631409,37.59595108,37.77379227,37.95076752,38.12556839,38.31741714,38.52269363,38.7401123,38.9685936,39.19833374,39.42329788,39.6309967,39.82370377,40.02575684,40.24480057,40.46878433,40.70021439,40.9447937,41.2139473,41.51314545,41.84448624,42.22426605,42.65342331,43.14864349,43.72166824,44.36558533,45.08921432,45.9164238,46.86821747,47.83526993,48.80293655,49.88488388,51.01761627,52.15950012,53.3689537,54.56259537,55.65633392,56.73560715,57.84263611,58.85108948,59.78761292,60.77360535,61.79525375,62.82852554,63.85612106,64.82933044,65.70224762,66.50636292,67.2749176,68.01811218,68.73936462,69.44863892,70.15197754,70.84970856,71.53939056,72.209198,72.88642883,73.61058044,74.35139465,75.07190704,75.794487,76.50360107,77.17041779,77.73992157,78.34647369,79.00862122,79.8061676,80.52614594,81.3436203,82.12297058,82.92596436,83.83878326,84.71172333,85.58634949,86.31700134,87.16965485,88.44613647
historical,CFC-11,World,ppt,0,0,0,0,0,0,0,0,0,0,0,0,0,0,0,0,0,0,0,0,0,0,0,0,0,0,0,0,0,0,0,0,0,0,0,0,0,0,0,0,0,0,0,0,0,0,0,0,0,0,0,0,0,0,0,0,0,0,0,0,0,0,0,0,0,0,0,0,0,0,0,0,0,0,0,0,0,0,0,0,0,0,0,0,0,0,0,0,0,0,0,0,0,0,0,0,0,0,0,0,0,0,0,0,0,0,0,0,0,0,0,0,0,0,0,0,0,0,0,0,0,0,0,0,0,0,0,0,0,0,0,0,0,0,0,0,0,0,0,0,0,0,0,0,0,0,0,0,0,0,0,0,0,0,0,0,0,0,0,0,0,0,0,0,0,0,0,0,0,0,0,0,0,0,0,0,0,0,0,0,0,0,0,0,0,0,0,0,0,0,0,0,0,0,0,0,0,0,0,0,0,0.133195683,0.532782018,1.198759079,2.131128073,3.794999123,4.925000191,6.239999771,7.559999943,8.820000648,10.29500008,12.23500061,14.71500015,17.79500008,21.49500084,25.77499962,30.57500076,35.95500183,42.04999924,49.04999924,57.06500244,65.96500397,75.83499908,87.04000092,99.56500244,112.2900009,124.6800003,136.6849976,147.8349915,157.75,166.5050049,174.9949951,183.4649963,191.9799957,200.9250031,210.5,221.0399933,232.1349945,242.5050049,251.2299957,257.8200073,262.2250061,265.1650085,266.6549988,266.6099854,265.7749939,264.7449951,263.5700073,262.1950073,260.7250061,259.1799927,257.5499878,255.5800018,253.5200043,251.5,249.3800049,247.2100067,245.0850067,243.1199951,241.2899933,239.3500061,237.2850037,235.3350067,233.6100006,232.2250061,230.9299927,229.6699982,228.7149963,227.75,226.0950012,224.1600037,222.4100037,220.5950012
historical,CFC-12,World,ppt,0,0,0,0,0,0,0,0,0,0,0,0,0,0,0,0,0,0,0,0,0,0,0,0,0,0,0,0,0,0,0,0,0,0,0,0,0,0,0,0,0,0,0,0,0,0,0,0,0,0,0,0,0,0,0,0,0,0,0,0,0,0,0,0,0,0,0,0,0,0,0,0,0,0,0,0,0,0,0,0,0,0,0,0,0,0,0,0,0,0,0,0,0,0,0,0,0,0,0,0,0,0,0,0,0,0,0,0,0,0,0,0,0,0,0,0,0,0,0,0,0,0,0,0,0,0,0,0,0,0,0,0,0,0,0,0,0,0,0,0,0,0,0,0,0,0,0,0,0,0,0,0,0,0,0,0,0,0,0,0,0,0,0,0,0,0,0,0,0,0,0,0,0,0,0,0,0,0,0,0,0,0,0,0,0,0,0,0,0,0,0,0.054500207,0.218759015,0.495051861,0.88717109,1.400425911,2.041642427,2.819164038,3.742850304,4.824078083,6.075741768,7.512251854,9.149536133,11.00503922,13.09772205,15.4800005,18.05500031,21.01000023,24.21500015,27.67500114,31.68500137,36.31500244,41.58499908,47.73500061,54.93000031,63.15500259,72.38999939,82.77000427,94.43000031,107.4550018,121.7949982,137.2949982,154.0599976,172.4750061,192.6150055,213.1399994,232.8999939,251.8849945,270.0750122,287.8200073,304.019989,320.3649902,337.3299866,353.9049988,370.2449951,387.605011,406.5849915,426.7850037,448.1699829,467.4349976,482.8699951,495.1700134,505.4249878,513.085022,519.1149902,525.3049927,530.8300171,534.7449951,537.6799927,540.1599731,542.0449829,543.210022,543.5700073,543.5,543.0650024,542.2449951,540.7750244,538.5999756,536.3449707,533.7550049,530.8649902,528.1950073,525.4050293,522.414978,519.6099854,516.6099854,513.1799927,510.0299988,506.8649902,502.9500122,498.9700012,495.2600098,491.4949951
historical,CFC-113,World,ppt,0,0,0,0,0,0,0,0,0,0,0,0,0,0,0,0,0,0,0,0,0,0,0,0,0,0,0,0,0,0,0,0,0,0,0,0,0,0,0,0,0,0,0,0,0,0,0,0,0,0,0,0,0,0,0,0,0,0,0,0,0,0,0,0,0,0,0,0,0,0,0,0,0,0,0,0,0,0,0,0,0,0,0,0,0,0,0,0,0,0,0,0,0,0,0,0,0,0,0,0,0,0,0,0,0,0,0,0,0,0,0,0,0,0,0,0,0,0,0,0,0,0,0,0,0,0,0,0,0,0,0,0,0,0,0,0,0,0,0,0,0,0,0,0,0,0,0,0,0,0,0,0,0,0,0,0,0,0,0,0,0,0,0,0,0,0,0,0,0,0,0,0,0,0,0,0,0,0,0,0,0,0.002061203,0.0082448,0.018550795,0.032979187,0.051529977,0.074203163,0.100998752,0.131916732,0.166957125,0.206119895,0.249405071,0.296812654,0.348342627,0.403995007,0.463769764,0.527666926,0.595686495,0.667828441,0.744092822,0.82447958,0.908988774,0.997620285,1.090374231,1.187250614,1.294999957,1.389999986,1.5,1.629999995,1.779999971,1.950000048,2.144999981,2.370000124,2.630000114,2.924999952,3.265000105,3.660000086,4.110000134,4.625,5.215000153,5.894999981,6.675000191,7.570000172,8.595000267,9.770000458,11.17000008,12.71500015,14.26000023,15.80000019,17.79000092,20.23500061,23.37000084,27.08499908,30.74500084,34.94499969,39.67000198,44.78000259,50.98500061,57.88000107,64.55999756,70.68000031,76.375,80.28499603,82.19000244,83.35499573,83.73000336,83.68499756,83.375,82.90499878,82.37999725,81.94999695,81.51499939,80.80999756,80.00499725,79.26000214,78.625,78.01499939,77.28500366,76.50499725,75.88500214,75.30000305,74.65499878,74.01999664,73.35500336,72.73999786,72.12000275,71.48500061,70.92500305,70.37000275,69.74500275,69.05000305,68.30999756,67.58000183
historical,CFC-114,World,ppt,0,0,0,0,0,0,0,0,0,0,0,0,0,0,0,0,0,0,0,0,0,0,0,0,0,0,0,0,0,0,0,0,0,0,0,0,0,0,0,0,0,0,0,0,0,0,0,0,0,0,0,0,0,0,0,0,0,0,0,0,0,0,0,0,0,0,0,0,0,0,0,0,0,0,0,0,0,0,0,0,0,0,0,0,0,0,0,0,0,0,0,0,0,0,0,0,0,0,0,0,0,0,0,0,0,0,0,0,0,0,0,0,0,0,0,0,0,0,0,0,0,0,0,0,0,0,0,0,0,0,0,0,0,0,0,0,0,0,0,0,0,0,0,0,0,0,0,0,0,0,0,0,0,0,0,0,0,0,0,0,0,0,0,0,0,0,0,0,0,0,0,0,0,0,0,0,0,0,0,0,0,0,0,0,0,0,0,0,0,0,0,0.003861338,0.015537722,0.035306331,0.063629121,0.101152837,0.148708984,0.20731388,0.278168619,0.362659037,0.462355793,0.579014361,0.714574873,0.871162415,1.051086664,1.250000119,1.504999995,1.75,1.995000005,2.224999905,2.440000057,2.664999962,2.900000095,3.144999981,3.400000095,3.664999962,3.934999943,4.215000153,4.510000229,4.815000057,5.130000114,5.460000038,5.800000191,6.15500021,6.575000286,7.054999828,7.550000191,8.06000042,8.555000305,9.050000191,9.605000496,10.18000031,10.70499992,11.17000008,11.65499973,12.23499966,12.85999966,13.50500011,14.18499947,14.79500008,15.26500034,15.63500023,15.89999962,16.06500053,16.18499947,16.27000046,16.30999947,16.32999992,16.35499954,16.37999916,16.38500023,16.37999916,16.375,16.36000061,16.36000061,16.36499977,16.30999947,16.22500038,16.20499992,16.25499916,16.29999924,16.29999924,16.26000023,16.18000031,16.10499954,16.06999969,16.03499985,16,15.98499966,15.98999977,15.96000004,15.875,15.78999996
historical,CFC-115,World,ppt,0,0,0,0,0,0,0,0,0,0,0,0,0,0,0,0,0,0,0,0,0,0,0,0,0,0,0,0,0,0,0,0,0,0,0,0,0,0,0,0,0,0,0,0,0,0,0,0,0,0,0,0,0,0,0,0,0,0,0,0,0,0,0,0,0,0,0,0,0,0,0,0,0,0,0,0,0,0,0,0,0,0,0,0,0,0,0,0,0,0,0,0,0,0,0,0,0,0,0,0,0,0,0,0,0,0,0,0,0,0,0,0,0,0,0,0,0,0,0,0,0,0,0,0,0,0,0,0,0,0,0,0,0,0,0,0,0,0,0,0,0,0,0,0,0,0,0,0,0,0,0,0,0,0,0,0,0,0,0,0,0,0,0,0,0,0,0,0,0,0,0,0,0,0,0,0,0,0,0,0,0,0,0,0,0,0,0,0,0,0,0,0,0,0,0,0,0,0,0,0,0,0,0,0,0,0,0,0,0,0,0,0,0,0,0.00500001,0.020000005,0.040000003,0.065000013,0.100000009,0.145000011,0.205000013,0.275000006,0.349999994,0.440000057,0.590000033,0.790000021,0.995000005,1.200000048,1.400000095,1.625,1.815000057,2.00999999,2.289999962,2.575000048,2.900000095,3.315000057,3.774999857,4.215000153,4.619999886,5.039999962,5.494999886,5.934999943,6.309999943,6.650000095,6.994999886,7.315000057,7.579999924,7.795000076,7.954999924,8.06000042,8.130000114,8.194999695,8.260000229,8.31000042,8.340000153,8.354999542,8.359999657,8.359999657,8.364999771,8.369999886,8.375,8.390000343,8.404999733,8.414999962,8.43500042,8.465000153,8.505000114,8.56000042,8.619999886,8.670000076,8.68500042,8.670000076,8.649999619
historical,CH2Cl2,World,ppt,6.900000095,6.900000095,6.900000095,6.900000095,6.900000095,6.900000095,6.900000095,6.900000095,6.900000095,6.900000095,6.900000095,6.900000095,6.900000095,6.900000095,6.900000095,6.900000095,6.900000095,6.900000095,6.900000095,6.900000095,6.900000095,6.900000095,6.900000095,6.900000095,6.900000095,6.900000095,6.900000095,6.900000095,6.900000095,6.900000095,6.900000095,6.900000095,6.900000095,6.900000095,6.900000095,6.900000095,6.900000095,6.900000095,6.900000095,6.900000095,6.900000095,6.900000095,6.900000095,6.900000095,6.900000095,6.900000095,6.900000095,6.900000095,6.900000095,6.900000095,6.900000095,6.900000095,6.900000095,6.900000095,6.900000095,6.900000095,6.900000095,6.900000095,6.900000095,6.900000095,6.900000095,6.900000095,6.900000095,6.900000095,6.900000095,6.900000095,6.900000095,6.900000095,6.900000095,6.900000095,6.900000095,6.900000095,6.900000095,6.900000095,6.900000095,6.900000095,6.900000095,6.900000095,6.900000095,6.900000095,6.900000095,6.900000095,6.900000095,6.900000095,6.900000095,6.900000095,6.900000095,6.900000095,6.900000095,6.900000095,6.900000095,6.900000095,6.900000095,6.900000095,6.900000095,6.900000095,6.900000095,6.900000095,6.900000095,6.900000095,6.900000095,6.900000095,6.900000095,6.900000095,6.900000095,6.900000095,6.900000095,6.900000095,6.900000095,6.900000095,6.900000095,6.900000095,6.900000095,6.900000095,6.900000095,6.900000095,6.900000095,6.900000095,6.900000095,6.900000095,6.900000095,6.900000095,6.900000095,6.900000095,6.900000095,6.900000095,6.900000095,6.900000095,6.900000095,6.900000095,6.900000095,6.900000095,6.900000095,6.900000095,6.900000095,6.900000095,6.900000095,6.900000095,6.900000095,6.900000095,6.900000095,6.900000095,6.900000095,6.900000095,6.900000095,6.900000095,6.900000095,6.900000095,6.900000095,6.900000095,6.900000095,6.900000095,6.900000095,6.900000095,6.900000095,6.900000095,6.900000095,6.900000095,6.900000095,6.900000095,6.900000095,6.900000095,6.900000095,6.900000095,6.900000095,6.900000095,6.900000095,6.900000095,6.900000095,6.900000095,6.900000095,6.900000095,6.900000095,6.900000095,6.900000095,6.900000095,6.900000095,6.900000095,6.900000095,6.900000095,6.900000095,6.900000095,6.900000095,6.900000095,6.900000095,6.900000095,6.900000095,6.900000095,6.900000095,6.900000095,6.900000095,6.90585041,6.923400879,6.952651978,6.993603706,7.046256065,7.110608578,7.186661243,7.274415016,7.373868942,7.485023499,7.607878208,7.742433548,7.888689518,8.046646118,8.216302872,8.397659302,8.590717316,8.79547596,9.01193428,9.240093231,9.479952812,9.731513023,9.994772911,10.26973438,10.55639553,10.85475731,11.16481972,11.48658276,11.82004642,12.16520977,12.52207375,12.89063835,13.27090359,13.66286945,14.06653595,14.48190212,14.90896893,15.34773636,15.79820442,16.26037216,16.73424149,17.21981049,17.71708107,18.22605133,18.74672127,19.27909279,19.82316589,20.37893677,20.94640923,21.52558327,22.11645699,22.71903038,23.33330536,23.95928001,24.59695435,25.24633026,25.90740776,26.58018494,27.26466179,27.96083832,28.66871834,29.38829613,30.1195755,30.86255455,31.61723518,32.38361359,33.16169739,33.95147705,34.75296021,35.56614304,36.39102554,37.22760773,38.0758934,39.68819809,39.15936279,40.60897064,42.13383102,43.63373566,45.07817078,46.38817978,50.89862061,50.38959885
historical,CH3Br,World,ppt,5.300000191,5.300000191,5.300000191,5.300000191,5.300000191,5.300000191,5.300000191,5.300000191,5.300000191,5.300000191,5.300000191,5.300000191,5.300000191,5.300000191,5.300000191,5.300000191,5.300000191,5.300000191,5.300000191,5.300000191,5.300000191,5.300000191,5.300000191,5.300000191,5.300000191,5.300000191,5.300000191,5.300000191,5.300000191,5.300000191,5.300000191,5.300000191,5.300000191,5.300000191,5.300000191,5.300000191,5.300000191,5.300000191,5.300000191,5.300000191,5.300000191,5.300000191,5.300000191,5.300000191,5.300000191,5.300000191,5.300000191,5.300000191,5.300000191,5.300000191,5.300000191,5.300000191,5.300000191,5.300000191,5.300000191,5.300000191,5.300000191,5.300000191,5.300000191,5.300000191,5.300000191,5.300000191,5.300000191,5.300000191,5.300000191,5.300000191,5.300000191,5.300000191,5.300000191,5.300000191,5.300000191,5.300000191,5.300000191,5.300000191,5.300000191,5.300000191,5.300000191,5.300000191,5.300000191,5.300000191,5.300000191,5.300000191,5.300000191,5.300000191,5.300000191,5.300000191,5.300000191,5.300000191,5.300000191,5.300000191,5.300000191,5.300000191,5.300000191,5.300000191,5.300000191,5.300000191,5.300000191,5.300000191,5.300000191,5.300000191,5.300000191,5.300000191,5.300000191,5.300000191,5.300000191,5.300000191,5.300000191,5.300000191,5.300000191,5.300000191,5.300000191,5.300000191,5.300000191,5.300000191,5.300000191,5.300000191,5.300000191,5.300000191,5.300000191,5.300000191,5.300000191,5.300000191,5.300000191,5.300000191,5.300000191,5.300000191,5.300000191,5.300000191,5.300000191,5.300000191,5.300000191,5.300000191,5.300000191,5.300000191,5.300000191,5.300000191,5.300000191,5.300000191,5.300000191,5.300000191,5.300000191,5.300000191,5.300000191,5.300000191,5.300000191,5.300000191,5.300000191,5.300000191,5.300000191,5.300000191,5.300000191,5.300000191,5.300000191,5.300000191,5.300000191,5.300000191,5.300000191,5.300000191,5.300000191,5.300000191,5.300000191,5.300000191,5.300000191,5.300000191,5.300000191,5.300000191,5.300000191,5.300000191,5.300000191,5.300000191,5.300000191,5.300000191,5.300000191,5.300000191,5.300000191,5.300000191,5.301059723,5.304238796,5.309537411,5.316955566,5.326493263,5.338150024,5.351926804,5.367822647,5.385838032,5.405972481,5.428226948,5.452600479,5.479093552,5.507706165,5.53843832,5.571290016,5.606260777,5.643351555,5.682561398,5.723890781,5.76733923,5.812907696,5.860595226,5.910402298,5.962328911,6.016375065,6.07254076,6.13082552,6.19122982,6.275000095,6.320000172,6.364999771,6.409999847,6.454999924,6.505000114,6.554999828,6.605000019,6.659999847,6.715000153,6.764999866,6.820000172,6.880000114,6.940000057,7,7.059999943,7.119999886,7.184999943,7.255000114,7.320000172,7.389999866,7.465000153,7.534999847,7.610000134,7.690000057,7.769999981,7.849999905,7.934999943,8.020000458,8.104999542,8.199999809,8.295000076,8.390000343,8.489999771,8.590000153,8.694999695,8.805000305,8.914999962,9.024999619,9.164999962,9.215000153,9.159999847,9.230000496,9.31499958,9.199999809,8.864999771,8.449999809,8.175000191,8.015000343,7.965000153,7.929999828,7.764999866,7.59499979,7.394999981,7.190000057,7.115000248,7.09499979,7.009999752,6.840000153,6.720000267,6.755000114,6.764999866,6.679999828,6.565000057,6.53000021,6.599999905,6.639999866,6.65500021
historical,CH3CCl3,World,ppt,0,0,0,0,0,0,0,0,0,0,0,0,0,0,0,0,0,0,0,0,0,0,0,0,0,0,0,0,0,0,0,0,0,0,0,0,0,0,0,0,0,0,0,0,0,0,0,0,0,0,0,0,0,0,0,0,0,0,0,0,0,0,0,0,0,0,0,0,0,0,0,0,0,0,0,0,0,0,0,0,0,0,0,0,0,0,0,0,0,0,0,0,0,0,0,0,0,0,0,0,0,0,0,0,0,0,0,0,0,0,0,0,0,0,0,0,0,0,0,0,0,0,0,0,0,0,0,0,0,0,0,0,0,0,0,0,0,0,0,0,0,0,0,0,0,0,0,0,0,0,0,0,0,0,0,0,0,0,0,0,0,0,0,0,0,0,0,0,0,0,0,0,0,0,0,0,0,0,0,0,0,0,0,0,0,0,0,0,0,0,0,0,0,0,0,0,0,0,0,0,0,0.000233865,0.003741784,0.018942758,0.059868388,0.120000131,0.300000101,0.570000052,0.88500005,1.250000119,1.705000043,2.190000057,2.7900002,3.515000105,4.275000095,5.240000725,6.720000744,8.885000229,11.59000015,14.6449995,17.69499969,20.92000008,25.06500053,30.44000053,36.72499847,42.76000214,49.28500366,57.78500366,68.58999634,78.43499756,85.47999573,91.27500153,95.84500122,100.0299988,104.4649963,108.6149979,111.8799973,115.8950043,120.8450012,125.25,129.1399994,132.0350037,131.8149872,126.3649979,116.3899994,104.409996,91.13999939,77.54499817,65.27000427,54.58000183,45.58000183,38,31.65500069,26.39500046,21.98500061,18.35000038,15.35000038,12.84000015,10.77500057,9.055000305,7.575000286,6.320000172,5.255000114,4.370000362,3.660000086,3.085000038,2.61500001,2.225000143,1.905000091,1.63499999,1.405000091,1.215000033,1.060000062
historical,CH3Cl,World,ppt,457,457,457,457,457,457,457,457,457,457,457,457,457,457,457,457,457,457,457,457,457,457,457,457,457,457,457,457,457,457,457,457,457,457,457,457,457,457,457,457,457,457,457,457,457,457,457,457,457,457,457,457,457,457,457,457,457,457,457,457,457,457,457,457,457,457,457,457,457,457,457,457,457,457,457,457,457,457,457,457,457,457,457,457,457,457,457,457,457,457,457,457,457,457,457,457,457,457,457,457,457,457,457,457,457,457,457,457,457,457,457,457,457,457,457,457,457,457,457,457,457,457,457,457,457,457,457,457,457,457,457,457,457,457,457,457,457,457,457,457,457,457,457,457,457,457,457,457,457,457,457,457,457,457,457,457,457,457,457,457,457,457,457,457,457,457,457,457,457,457,457,457,457,457,457,457,457,457,457,457,457,457,457,457,457,457,457,457,457,457,457,457.1552734,457.6210327,458.3973389,459.4841614,460.8815002,462.5893555,464.6077271,466.936615,469.5760193,472.5259399,475.7864075,479.3573608,483.2388611,487.4308777,493.1799927,496.9649963,500.7149963,504.519989,508.375,512.2349854,516.0349731,519.7150269,523.2249756,526.5150146,529.5499878,532.3099976,534.7949829,537.0050049,538.9450073,540.6400146,542.1049805,543.3649902,544.4450073,545.3549805,546.125,546.7800293,547.3300171,547.789978,548.1749878,548.4949951,548.7600098,548.9799805,549.164978,549.3200073,549.4500122,549.5549927,549.6450195,549.7199707,549.7800293,549.8300171,549.8699951,549.9050293,549.9349976,556.2099609,554.414978,541.4200439,546.6799927,561.6549683,560.3349609,547.7349854,539.1300049,539.7700195,541.0499878,540.5750122,540.0050049,540.2850342,543.4500122,543.9749756,542.1450195,537.9349976,535.2750244,539.1900024,540.7150269,542.4100342,550.7050171,552.3549805,544.3850098,539.5,539.5,539.5,539.5,539.5
historical,CH4,World,ppb,720.8547974,722.0801392,723.3311157,723.8400269,724.0493774,724.2402344,724.3391724,724.5808105,725.4735107,726.3021851,727.2467651,728.0717773,728.8499756,729.2628784,729.7133179,730.0648193,730.3699951,730.6503296,731.2099609,731.8392944,732.4835205,733.1546631,733.8539429,734.6725464,735.0310669,735.3223877,735.6936646,736.0626221,736.3880005,737.3029175,738.2970581,739.3366089,740.1473389,741.0041504,741.2861328,741.5487061,741.822876,742.1184082,742.3666992,742.699707,743.0446777,743.3706055,743.7585449,744.1474609,744.8869629,745.4630127,746.1832886,746.8853149,747.5033569,747.9585571,748.623291,749.3481445,750.0791016,750.6937256,751.6412354,752.5986328,753.5761108,754.5919189,755.6413574,756.8106689,757.9560547,758.9456787,759.9509277,761.1748657,762.6759033,764.1776733,765.7485352,767.3259888,768.791687,770.2822876,771.8688354,773.5137329,774.8858643,776.1003418,777.1873169,778.1968994,779.1755371,780.0322266,780.8393555,781.6982422,782.4865723,783.2306519,783.9885864,784.8609619,785.8822021,786.9591064,788.1029053,788.835144,789.4541626,790.0117798,790.1644287,790.5137329,791.1774292,792.0397339,793.1889648,794.8694458,795.9598999,796.9033813,797.5084839,798.2650757,798.7992554,799.1342773,799.6845093,800.4310913,801.3928833,802.7790527,804.395813,805.9412842,807.8469849,809.9102173,812.1156616,814.6942749,817.0090332,819.8299561,822.8781738,825.9179688,829.2704468,832.4238281,834.8474731,836.6992188,838.5808105,840.6077881,842.3894653,844.1846313,845.9118652,847.4505615,848.9567871,850.3754272,851.6115723,852.838562,854.5762939,856.4180908,858.177002,860.1258545,862.2984619,864.7781372,867.3068848,869.9094849,873.2229004,877.4022217,880.2190552,882.7592773,885.5133057,888.5115356,892.0516968,895.6895142,899.2712402,901.7643433,903.6865845,905.5435181,907.6625977,909.7080688,913.1248169,917.1862793,922.4130249,927.7596436,933.3427124,937.0362549,941.1984253,946.3412476,951.7594604,957.9006958,964.2958374,970.5161133,974.4526367,978.7033691,983.4350586,988.7852783,994.2557373,998.322876,1003.787659,1009.853149,1014.892578,1020.654724,1026.775391,1031.654053,1037.512939,1042.063477,1046.266479,1050.359985,1055.418701,1059.630737,1063.944702,1068.34082,1072.901367,1077.504272,1082.724976,1087.310181,1091.984253,1095.930908,1100.014648,1105.252319,1110.286987,1115.051147,1122.575317,1130.43457,1138.499023,1147.048706,1153.785767,1160.251343,1165.015869,1170.0625,1177.266724,1186.202026,1196.953491,1208.850586,1222.698364,1235.156372,1244.672241,1252.352539,1262.97522,1274.439941,1288.29248,1302.788452,1316.296753,1331.483154,1346.686157,1360.628296,1375.705566,1395.490845,1412.800415,1430.598267,1447.786987,1462.356323,1479.239868,1496.27417,1512.955811,1529.716309,1547.438232,1565.220703,1583.942627,1601.025146,1616.975098,1633.202881,1646.820801,1659.990845,1672.949829,1686.079956,1698.864258,1708.888306,1719.983643,1732.028564,1744.083252,1746.254517,1749.668701,1757.259033,1758.646973,1762.481445,1772.284546,1779.590698,1778.918213,1779.179932,1781.424561,1787.357056,1789.182861,1786.484009,1786.248169,1790.932007,1800.430908,1804.306885,1809.67749,1813.602905,1818.258911,1824.620483,1834.548462,1845.959351,1852.397705,1859.385498,1869.521851,1877.264771,1889.478638,1906.181152,1922.086548
historical,CHCl3,World,ppt,6,6,6,6,6,6,6,6,6,6,6,6,6,6,6,6,6,6,6,6,6,6,6,6,6,6,6,6,6,6,6,6,6,6,6,6,6,6,6,6,6,6,6,6,6,6,6,6,6,6,6,6,6,6,6,6,6,6,6,6,6,6,6,6,6,6,6,6,6,6,6,6,6,6,6,6,6,6,6,6,6,6,6,6,6,6,6,6,6,6,6,6,6,6,6,6,6,6,6,6,6,6,6,6,6,6,6,6,6,6,6,6,6,6,6,6,6,6,6,6,6,6,6,6,6,6,6,6,6,6,6,6,6,6,6,6,6,6,6,6,6,6,6,6,6,6,6,6,6,6,6,6,6,6,6,6,6,6,6,6,6,6,6,6,6,6,6,6,6,6,6,6,6,6,6,6,6,6,6,6,6,6,6,6,6,6,6,6,6,6,6,6.000722408,6.00289011,6.006503105,6.011560917,6.018064499,6.026013374,6.035407543,6.046247959,6.058534622,6.072267532,6.08744669,6.104073524,6.12214756,6.141669273,6.162639141,6.18505764,6.208925247,6.234242916,6.26101017,6.289228916,6.318898678,6.350020885,6.382596016,6.416624069,6.452106953,6.489044666,6.527438164,6.567288399,6.608596325,6.651362419,6.695588112,6.741274357,6.788422108,6.837031841,6.887105465,6.938643456,6.991647243,7.046118259,7.10205698,7.159465313,7.218343735,7.27869463,7.340517998,7.4038167,7.468590736,7.534842491,7.602572918,7.671783447,7.742475986,7.814651966,7.888312817,7.963459969,8.040095329,8.118221283,8.19783783,8.27894783,8.305577278,8.553069115,8.479700089,8.06552887,7.664566517,7.673319817,7.665040493,7.603056431,7.677089691,7.539345741,7.72835207,7.833240986,7.750892162,7.896037102,8.009539604,8.235104561,8.489190102,9.393307686,9.610719681,9.698839188,10.23275948,9.92610836,9.090646744,9.243765831,9.01342392,8.577662468
historical,CO2,World,ppm,278.0074463,278.0183105,278.0283203,278.0383301,278.0583191,278.0783081,278.0883789,278.0983887,278.1083984,278.1183777,278.1383972,278.1584778,278.1884766,278.2284851,278.2784729,278.3384705,278.4085999,278.4786072,278.5585938,278.6386108,278.7286072,278.8287354,278.9287415,279.0387268,279.1587524,279.2787476,279.3988647,279.5388794,279.6688843,279.8188782,279.9689026,280.1290894,280.289093,280.4490967,280.5891113,280.7290955,280.8593445,280.9693604,281.0793457,281.1793518,281.2693787,281.3595886,281.429657,281.4996643,281.5696716,281.639679,281.7197876,281.7999268,281.8900452,281.9901733,282.0903625,282.1903381,282.2910767,282.3813171,282.471405,282.5614929,282.6316528,282.711853,282.7816772,282.8416748,282.9117126,282.9719238,283.032074,283.0921021,283.1421814,283.2023315,283.2627258,283.3129272,283.3729248,283.4329529,283.4830322,283.5331116,283.5733032,283.6036072,283.6238098,283.644043,283.6540833,283.6645508,283.6546326,283.6445923,283.6362915,283.605835,283.5858765,283.5560608,283.5262451,283.49646,283.4678955,283.4378967,283.4182434,283.3986206,283.399353,283.4197388,283.4504395,283.5007629,283.5716248,283.6730347,283.7833862,283.9048767,284.0349731,284.1659241,284.2972717,284.4197998,284.553009,284.6763306,284.8024597,284.9152527,285.0393066,285.151886,285.2746277,285.3985596,285.5286255,285.667511,285.8052979,285.9447327,286.0947876,286.254425,286.4129028,286.5833435,286.7617798,286.941925,287.1202087,287.31073,287.4940186,287.6850891,287.8578186,288.0404358,288.2286377,288.4170837,288.6245117,288.8467712,289.0843506,289.3439941,289.6262512,289.9194336,290.2176819,290.5256348,290.8542786,291.186615,291.5454712,291.8927917,292.2506409,292.6040344,292.9522095,293.2978516,293.6299744,293.9656372,294.29776,294.622467,294.9485779,295.2918091,295.629425,295.9629822,296.2951965,296.6413879,296.9711609,297.3131104,297.6529846,298.0045166,298.3118896,298.6394043,298.9711609,299.2938232,299.6364746,300.0107727,300.3345337,300.7064514,301.1176453,301.5375061,301.9598694,302.3405762,302.8175964,303.1912842,303.6046448,304.035614,304.4050598,304.7460938,305.0674438,305.4304504,305.7359009,306.0839844,306.3782043,306.662323,306.9743652,307.3586426,307.7663574,308.192627,308.6477356,309.1062012,309.5069275,309.9403076,310.354126,310.7122803,311.0307617,311.3358154,311.5976868,311.7489624,312.0314941,312.3010559,312.5550232,312.7830505,313.0791321,313.4099121,313.7248535,314.0695801,314.4326477,314.8722839,315.3159485,315.7588806,316.2323914,316.7445374,317.5054321,318.2684021,319.0375977,319.8191833,320.6209717,321.4509583,322.3155518,323.2187195,324.1639099,325.1532898,326.1871643,327.2659607,328.3904419,329.5606384,330.7750244,332.0342102,333.3389893,334.6880798,336.0770569,337.4996338,338.9490356,340.4184265,340.8898315,342.3988647,344.0626526,345.5184631,347.0012207,348.7715759,351.2754517,352.8699036,354.0914917,355.4091187,356.3003235,357.0166321,358.3700562,360.3321533,362.1259155,363.3534851,366.0781555,367.9341431,369.232605,370.8000183,372.9081116,375.4381104,377.0999146,379.0191345,381.1603394,382.7630005,384.9279175,386.4897156,388.9011841,391.0921631,393.2440491,395.9457397,397.8326721,400.136322,403.2492676,405.2739563,407.7627563,410.3671875,412.8736877,415.1259766,417.3202515
historical,Halon-1211,World,ppt,0,0,0,0,0,0,0,0,0,0,0,0,0,0,0,0,0,0,0,0,0,0,0,0,0,0,0,0,0,0,0,0,0,0,0,0,0,0,0,0,0,0,0,0,0,0,0,0,0,0,0,0,0,0,0,0,0,0,0,0,0,0,0,0,0,0,0,0,0,0,0,0,0,0,0,0,0,0,0,0,0,0,0,0,0,0,0,0,0,0,0,0,0,0,0,0,0,0,0,0,0,0,0,0,0,0,0,0,0,0,0,0,0,0,0,0,0,0,0,0,0,0,0,0,0,0,0,0,0,0,0,0,0,0,0,0,0,0,0,0,0,0,0,0,0,0,0,0,0,0,0,0,0,0,0,0,0,0,0,0,0,0,0,0,0,0,0,0,0,0,0,0,0,0,0,0,0,0,0,0,0,0,0,0,0,0,0,0,0,0,0,0,0,0,0,0,0,0,0,0,0,0,0,0,0,0,0,0,0,0,0,0,0,0,0,0,0,0.004999998,0.01,0.015000006,0.024999999,0.035000004,0.050000001,0.075000063,0.160000056,0.299999982,0.435000002,0.569999993,0.709999979,0.810000002,0.900000036,1.014999986,1.139999986,1.299999952,1.449999928,1.560000062,1.675000072,1.840000033,2.055000067,2.275000095,2.504999876,2.714999914,2.880000114,3.059999943,3.25999999,3.440000057,3.595000029,3.755000114,3.910000086,4.039999962,4.150000095,4.224999905,4.269999981,4.304999828,4.329999924,4.340000153,4.329999924,4.295000076,4.244999886,4.190000057,4.119999886,4.045000076,3.960000038,3.859999895,3.75999999,3.654999971,3.549999952,3.450000048,3.355000019,3.25999999,3.160000086,3.065000057,2.970000029
historical,Halon-1301,World,ppt,0,0,0,0,0,0,0,0,0,0,0,0,0,0,0,0,0,0,0,0,0,0,0,0,0,0,0,0,0,0,0,0,0,0,0,0,0,0,0,0,0,0,0,0,0,0,0,0,0,0,0,0,0,0,0,0,0,0,0,0,0,0,0,0,0,0,0,0,0,0,0,0,0,0,0,0,0,0,0,0,0,0,0,0,0,0,0,0,0,0,0,0,0,0,0,0,0,0,0,0,0,0,0,0,0,0,0,0,0,0,0,0,0,0,0,0,0,0,0,0,0,0,0,0,0,0,0,0,0,0,0,0,0,0,0,0,0,0,0,0,0,0,0,0,0,0,0,0,0,0,0,0,0,0,0,0,0,0,0,0,0,0,0,0,0,0,0,0,0,0,0,0,0,0,0,0,0,0,0,0,0,0,0,0,0,0,0,0,0,0,0,0,0,0,0,0,0,0,0,0,0,0,0,0,0,0,0,0,0,0,0,0,0,0,0,0,0,0,0,0,0,0.005000005,0.015,0.024999995,0.035000034,0.075000033,0.144999996,0.210000008,0.274999976,0.335000008,0.410000056,0.524999976,0.639999986,0.735000014,0.850000024,1.004999995,1.185000062,1.375,1.559999943,1.745000005,1.939999938,2.11500001,2.299999952,2.46999979,2.545000076,2.579999924,2.640000105,2.694999933,2.765000105,2.839999914,2.880000114,2.914999962,2.954999924,3.00999999,3.059999943,3.089999914,3.120000124,3.154999971,3.180000067,3.200000048,3.224999905,3.25,3.279999971,3.315000057,3.335000038,3.339999914,3.339999914,3.339999914,3.345000029,3.345000029,3.345000029,3.349999905,3.349999905
historical,Halon-2402,World,ppt,0,0,0,0,0,0,0,0,0,0,0,0,0,0,0,0,0,0,0,0,0,0,0,0,0,0,0,0,0,0,0,0,0,0,0,0,0,0,0,0,0,0,0,0,0,0,0,0,0,0,0,0,0,0,0,0,0,0,0,0,0,0,0,0,0,0,0,0,0,0,0,0,0,0,0,0,0,0,0,0,0,0,0,0,0,0,0,0,0,0,0,0,0,0,0,0,0,0,0,0,0,0,0,0,0,0,0,0,0,0,0,0,0,0,0,0,0,0,0,0,0,0,0,0,0,0,0,0,0,0,0,0,0,0,0,0,0,0,0,0,0,0,0,0,0,0,0,0,0,0,0,0,0,0,0,0,0,0,0,0,0,0,0,0,0,0,0,0,0,0,0,0,0,0,0,0,0,0,0,0,0,0,0,0,0,0,0,0,0,0,0,0,0,0,0,0,0,0,0,0,0,0,0,0,0,0,0,0,0,0,0,0,0,0,0,0,0,0.004999998,0.010000001,0.015,0.02,0.025000006,0.035,0.044999998,0.055000007,0.07,0.085000001,0.100000016,0.124999993,0.144999996,0.160000011,0.179999992,0.194999993,0.210000008,0.234999999,0.25999999,0.280000001,0.305000007,0.335000008,0.36500001,0.394999981,0.419999987,0.435000002,0.449999988,0.464999974,0.469999999,0.474999994,0.484999985,0.48999998,0.49000001,0.49000001,0.49000001,0.49000001,0.48999998,0.485000014,0.479999989,0.474999994,0.469999999,0.465000004,0.460000008,0.454999983,0.444999993,0.439999998,0.435000002,0.425000012,0.419999987,0.414999992,0.409999996,0.405000001,0.400000006,0.389999986,0.375,0.36500001
historical,HCFC-22,World,ppt,0,0,0,0,0,0,0,0,0,0,0,0,0,0,0,0,0,0,0,0,0,0,0,0,0,0,0,0,0,0,0,0,0,0,0,0,0,0,0,0,0,0,0,0,0,0,0,0,0,0,0,0,0,0,0,0,0,0,0,0,0,0,0,0,0,0,0,0,0,0,0,0,0,0,0,0,0,0,0,0,0,0,0,0,0,0,0,0,0,0,0,0,0,0,0,0,0,0,0,0,0,0,0,0,0,0,0,0,0,0,0,0,0,0,0,0,0,0,0,0,0,0,0,0,0,0,0,0,0,0,0,0,0,0,0,0,0,0,0,0,0,0,0,0,0,0,0,0,0,0,0,0,0,0,0,0,0,0,0,0,0,0,0,0,0,0,0,0,0,0,0,0,0,0,0,0,0,0,0,0,0,0,0,0,0,0,0.00190318,0.007634836,0.017261347,0.030893344,0.048685707,0.070837565,0.097592309,0.129237562,0.166105226,0.208571434,0.257056564,0.312025279,0.373986453,0.443493217,0.521143019,0.607577443,0.703482449,0.809588134,0.926669002,1.059999943,1.190000057,1.355000019,1.595000029,1.904999971,2.25,2.650000095,3.145000219,3.770000219,4.519999981,5.414999962,6.5,7.81000042,9.409999847,11.20499992,13.10999966,15.14500046,17.38999939,19.93499947,22.53499985,25.21500015,28.22500038,31.50999832,33.97000122,36.79500198,40.92499924,44.99499893,48.89500046,52.71500015,56.83000183,61.94499969,67.43999481,71.82499695,76.54000092,82.78500366,89.36000061,95.69499969,101.1100006,105.9049988,110.9800034,116.4449997,121.7949982,126.7300034,131.8150024,136.9450073,142.3150024,147.9949951,153.3249969,158.3249969,163.4450073,169.1300049,175.8249969,183.5299988,191.4900055,198.9799957,206.3549957,213.1199951,218.8399963,224.1450043,229.1900024,233.6100006,237.5249939,241.1699982,244.1849976,246.5549927,248.0650024,248.8450012,248.6549988
historical,HCFC-141b,World,ppt,0,0,0,0,0,0,0,0,0,0,0,0,0,0,0,0,0,0,0,0,0,0,0,0,0,0,0,0,0,0,0,0,0,0,0,0,0,0,0,0,0,0,0,0,0,0,0,0,0,0,0,0,0,0,0,0,0,0,0,0,0,0,0,0,0,0,0,0,0,0,0,0,0,0,0,0,0,0,0,0,0,0,0,0,0,0,0,0,0,0,0,0,0,0,0,0,0,0,0,0,0,0,0,0,0,0,0,0,0,0,0,0,0,0,0,0,0,0,0,0,0,0,0,0,0,0,0,0,0,0,0,0,0,0,0,0,0,0,0,0,0,0,0,0,0,0,0,0,0,0,0,0,0,0,0,0,0,0,0,0,0,0,0,0,0,0,0,0,0,0,0,0,0,0,0,0,0,0,0,0,0,0,0,0,0,0,0,0,0,0,0,0,0,0,0,0,0,0,0,0,0,0,0,0,0,0,0,0,0,0,0,0,0,0,0,0,0,0,0,0,0,0,0,0,0,0.030000027,0.090000004,0.150000006,0.214999959,0.24999997,0.255000025,0.264999986,0.264999986,0.255000025,0.255000025,0.275000006,0.294999987,0.299999982,0.289999992,0.275000006,0.259999961,0.230000094,0.335000455,0.895000577,2.035000324,3.625000238,5.489999771,7.355000019,9.194999695,11.01000023,12.69499969,14.17500019,15.47999954,16.60000038,17.30999947,17.71999931,18.19000053,18.78000069,19.34499931,19.87999916,20.51000023,21.39500046,22.38999939,23.20499992,23.81500053,24.23999977,24.47500038,24.5,24.39999962,24.41500092,24.52499962,24.61999893,24.61000061
historical,HCFC-142b,World,ppt,0,0,0,0,0,0,0,0,0,0,0,0,0,0,0,0,0,0,0,0,0,0,0,0,0,0,0,0,0,0,0,0,0,0,0,0,0,0,0,0,0,0,0,0,0,0,0,0,0,0,0,0,0,0,0,0,0,0,0,0,0,0,0,0,0,0,0,0,0,0,0,0,0,0,0,0,0,0,0,0,0,0,0,0,0,0,0,0,0,0,0,0,0,0,0,0,0,0,0,0,0,0,0,0,0,0,0,0,0,0,0,0,0,0,0,0,0,0,0,0,0,0,0,0,0,0,0,0,0,0,0,0,0,0,0,0,0,0,0,0,0,0,0,0,0,0,0,0,0,0,0,0,0,0,0,0,0,0,0,0,0,0,0,0,0,0,0,0,0,0,0,0,0,0,0,0,0,0,0,0,0,0,0,0,0,0,0,0,0,0,0,0,0,0,0,0,0,0,0,0,0,0,0,0,0,0,0,0,0,0,0,0,0,0,0,0,0,0,0,0,0,0.025000015,0.07,0.114999995,0.160000041,0.245000049,0.370000005,0.495000005,0.625,0.729999959,0.794999957,0.834999979,0.845000029,0.870000064,0.929999948,0.964999974,0.985000014,1.00999999,1.085000157,1.285000205,1.710000277,2.40500021,3.365000248,4.505000114,5.654999733,6.755000114,7.855000019,8.920000076,9.925000191,10.95499992,11.98499966,12.90999985,13.64999962,14.28499985,14.89500046,15.56000042,16.45499992,17.56500053,18.71500015,19.68000031,20.46500015,21.16499901,21.67499924,21.98500061,22.13500023,22.20999908,22.28999901,22.32999992,22.29999924,22.19000053,21.99500084,21.75499916,21.48999977
historical,HFC-23,World,ppt,0,0,0,0,0,0,0,0,0,0,0,0,0,0,0,0,0,0,0,0,0,0,0,0,0,0,0,0,0,0,0,0,0,0,0,0,0,0,0,0,0,0,0,0,0,0,0,0,0,0,0,0,0,0,0,0,0,0,0,0,0,0,0,0,0,0,0,0,0,0,0,0,0,0,0,0,0,0,0,0,0,0,0,0,0,0,0,0,0,0,0,0,0,0,0,0,0,0,0,0,0,0,0,0,0,0,0,0,0,0,0,0,0,0,0,0,0,0,0,0,0,0,0,0,0,0,0,0,0,0,0,0,0,0,0,0,0,0,0,0,0,0,0,0,0,0,0,0,0,0,0,0,0,0,0,0,0,0,0,0,0,0,0,0,0,0,0,0,0,0,0,0,0,0,0,0,0,0,0,0,0,0,0,0,0,0,0,0,0,0,0,0,0,0,0,0,0,0,0,0,0,0.00288917,0.011577852,0.026129609,0.04665038,0.073288463,0.10623455,0.145721689,0.192025319,0.245463222,0.30639559,0.375224978,0.452396274,0.538396835,0.63375622,0.739046633,0.85488236,0.981920242,1.120859385,1.272441506,1.43745029,1.616712093,1.811095715,2.021512032,2.24891448,2.493495703,2.761156082,3.041689634,3.353468418,3.687372684,4.029297829,4.363311291,4.668998241,4.994777679,5.381788254,5.795129299,6.238645554,6.688257217,7.186620712,7.76214695,8.343844414,8.865375519,9.387440681,9.99478054,10.62938023,11.30348206,12.02980232,12.7964716,13.58733273,14.37811184,15.18945408,15.91526222,16.5717659,17.26341057,18.07253265,19.01465797,20.06612396,21.03471947,21.86031914,22.56744194,23.24731064,24.05424881,24.95828056,25.97913933,27.04932022,28.04827881,28.93785667,29.96279716,31.16878319,32.46950912,33.72545624,34.86931229,35.85990906
historical,HFC-32,World,ppt,0,0,0,0,0,0,0,0,0,0,0,0,0,0,0,0,0,0,0,0,0,0,0,0,0,0,0,0,0,0,0,0,0,0,0,0,0,0,0,0,0,0,0,0,0,0,0,0,0,0,0,0,0,0,0,0,0,0,0,0,0,0,0,0,0,0,0,0,0,0,0,0,0,0,0,0,0,0,0,0,0,0,0,0,0,0,0,0,0,0,0,0,0,0,0,0,0,0,0,0,0,0,0,0,0,0,0,0,0,0,0,0,0,0,0,0,0,0,0,0,0,0,0,0,0,0,0,0,0,0,0,0,0,0,0,0,0,0,0,0,0,0,0,0,0,0,0,0,0,0,0,0,0,0,0,0,0,0,0,0,0,0,0,0,0,0,0,0,0,0,0,0,0,0,0,0,0,0,0,0,0,0,0,0,0,0,0,0,0,0,0,0,0,0,0,0,0,0,0,0,0,0,0,0,0,0,0,0,0,0,0,0,0,0,0,0,0,0,0,0,0,0,0,0,0,0,0,0,0,0,0,0,0,0,0,0,0,0,0,0,0,0.00500001,0.020000005,0.040000007,0.064999998,0.089999996,0.109999999,0.13000001,0.155000016,0.195000008,0.25000003,0.325000018,0.435000062,0.605000079,0.870000064,1.215000033,1.63500011,2.144999981,2.704999924,3.325000286,4.144999981,5.170000076,6.305000305,7.56000042,9.015000343,10.71000004,12.72500038,15.25500011,18.22500038,21.34000015,24.93000031,29.14999962,33.68000031
historical,HFC-125,World,ppt,0,0,0,0,0,0,0,0,0,0,0,0,0,0,0,0,0,0,0,0,0,0,0,0,0,0,0,0,0,0,0,0,0,0,0,0,0,0,0,0,0,0,0,0,0,0,0,0,0,0,0,0,0,0,0,0,0,0,0,0,0,0,0,0,0,0,0,0,0,0,0,0,0,0,0,0,0,0,0,0,0,0,0,0,0,0,0,0,0,0,0,0,0,0,0,0,0,0,0,0,0,0,0,0,0,0,0,0,0,0,0,0,0,0,0,0,0,0,0,0,0,0,0,0,0,0,0,0,0,0,0,0,0,0,0,0,0,0,0,0,0,0,0,0,0,0,0,0,0,0,0,0,0,0,0,0,0,0,0,0,0,0,0,0,0,0,0,0,0,0,0,0,0,0,0,0,0,0,0,0,0,0,0,0,0,0,0,0,0,0,0,0,0,0,0,0,0,0,0,0,0,0,0,0,0,0,0,0,0,0,0,0,0,0,0,0,0,0,0,0,0,0,0,0,0,0,0,0,0,0,0,0,0,0,0,0,0,0,0,0,0,0,0.015000024,0.055000003,0.105000049,0.205000073,0.380000114,0.660000026,0.984999895,1.254999995,1.565000057,1.950000048,2.38499999,2.900000095,3.475000143,4.090000153,4.795000076,5.630000114,6.599999905,7.690000057,8.960000038,10.45499992,12.14000034,14.01500034,16.10499954,18.39500046,20.89999962,23.71999931,26.78000069,29.93000031,33.36999893,37.20999908,41.34000015
historical,HFC-134a,World,ppt,0,0,0,0,0,0,0,0,0,0,0,0,0,0,0,0,0,0,0,0,0,0,0,0,0,0,0,0,0,0,0,0,0,0,0,0,0,0,0,0,0,0,0,0,0,0,0,0,0,0,0,0,0,0,0,0,0,0,0,0,0,0,0,0,0,0,0,0,0,0,0,0,0,0,0,0,0,0,0,0,0,0,0,0,0,0,0,0,0,0,0,0,0,0,0,0,0,0,0,0,0,0,0,0,0,0,0,0,0,0,0,0,0,0,0,0,0,0,0,0,0,0,0,0,0,0,0,0,0,0,0,0,0,0,0,0,0,0,0,0,0,0,0,0,0,0,0,0,0,0,0,0,0,0,0,0,0,0,0,0,0,0,0,0,0,0,0,0,0,0,0,0,0,0,0,0,0,0,0,0,0,0,0,0,0,0,0,0,0,0,0,0,0,0,0,0,0,0,0,0,0,0,0,0,0,0,0,0,0,0,0,0,0,0,0,0,0,0,0,0,0,0,0,0,0,0,0,0,0,0,0,0,0,0,0,0,0,0,0,0.007920169,0.060000088,0.200000107,0.450000077,0.800000191,1.360000372,2.285000563,3.725000381,5.600000381,8.085000992,11.19000053,14.52000046,18.02499962,21.82500076,25.96500015,30.31999969,34.70000076,38.99499893,43.42000198,48.04999924,52.79000092,57.77000046,62.81000137,67.73999786,72.72499847,77.93000031,83.47499847,89.42500305,95.65000153,101.6999969,107.4250031,114.2900009,122.125,129.5449982
historical,HFC-143a,World,ppt,0,0,0,0,0,0,0,0,0,0,0,0,0,0,0,0,0,0,0,0,0,0,0,0,0,0,0,0,0,0,0,0,0,0,0,0,0,0,0,0,0,0,0,0,0,0,0,0,0,0,0,0,0,0,0,0,0,0,0,0,0,0,0,0,0,0,0,0,0,0,0,0,0,0,0,0,0,0,0,0,0,0,0,0,0,0,0,0,0,0,0,0,0,0,0,0,0,0,0,0,0,0,0,0,0,0,0,0,0,0,0,0,0,0,0,0,0,0,0,0,0,0,0,0,0,0,0,0,0,0,0,0,0,0,0,0,0,0,0,0,0,0,0,0,0,0,0,0,0,0,0,0,0,0,0,0,0,0,0,0,0,0,0,0,0,0,0,0,0,0,0,0,0,0,0,0,0,0,0,0,0,0,0,0,0,0,0,0,0,0,0,0,0,0,0,0,0,0,0,0,0,0,0,0,0,0,0,0,0,0,0,0,0,0,0,0,0,0,0,0,0,0,0,0,0,0,0,0,0,0,0,0.004405105,0.0176204,0.039645888,0.070481569,0.110127449,0.158583522,0.215849787,0.281926244,0.356813014,0.504999876,0.545000017,0.580000043,0.629999995,0.705000043,0.835000038,1.030000091,1.295000076,1.63499999,2.025000095,2.465000153,2.99000001,3.600000143,4.255000114,4.954999924,5.740000248,6.635000229,7.605000019,8.645000458,9.744999886,10.89000034,12.1050005,13.39999962,14.76500034,16.19499969,17.71500015,19.33500099,21.00499916,22.64500046,24.25499916,25.92000008,27.65999985,29.43499947
historical,HFC-152a,World,ppt,0,0,0,0,0,0,0,0,0,0,0,0,0,0,0,0,0,0,0,0,0,0,0,0,0,0,0,0,0,0,0,0,0,0,0,0,0,0,0,0,0,0,0,0,0,0,0,0,0,0,0,0,0,0,0,0,0,0,0,0,0,0,0,0,0,0,0,0,0,0,0,0,0,0,0,0,0,0,0,0,0,0,0,0,0,0,0,0,0,0,0,0,0,0,0,0,0,0,0,0,0,0,0,0,0,0,0,0,0,0,0,0,0,0,0,0,0,0,0,0,0,0,0,0,0,0,0,0,0,0,0,0,0,0,0,0,0,0,0,0,0,0,0,0,0,0,0,0,0,0,0,0,0,0,0,0,0,0,0,0,0,0,0,0,0,0,0,0,0,0,0,0,0,0,0,0,0,0,0,0,0,0,0,0,0,0,0,0,0,0,0,0,0,0,0,0,0,0,0,0,0,0,0,0,0,0,0,0,0,0,0,0,0,0,0,0,0,0,0,0,0,0,0,0,0,0,0,0,0,0,0,0,0,0,0,0,0,0,0,0,0,0.125000089,0.360000014,0.610000014,0.859999895,1.024999976,1.129999995,1.275000095,1.480000019,1.674999952,1.870000005,2.100000143,2.420000076,2.825000048,3.245000124,3.775000095,4.485000134,5.229999542,5.759999752,6.034999847,6.309999943,6.625,6.789999962,6.775000095,6.710000038,6.695000172,6.740000248,6.865000248,7.025000095,7.159999847,7.195000172,7.204999924,7.309999943
historical,HFC-227ea,World,ppt,0,0,0,0,0,0,0,0,0,0,0,0,0,0,0,0,0,0,0,0,0,0,0,0,0,0,0,0,0,0,0,0,0,0,0,0,0,0,0,0,0,0,0,0,0,0,0,0,0,0,0,0,0,0,0,0,0,0,0,0,0,0,0,0,0,0,0,0,0,0,0,0,0,0,0,0,0,0,0,0,0,0,0,0,0,0,0,0,0,0,0,0,0,0,0,0,0,0,0,0,0,0,0,0,0,0,0,0,0,0,0,0,0,0,0,0,0,0,0,0,0,0,0,0,0,0,0,0,0,0,0,0,0,0,0,0,0,0,0,0,0,0,0,0,0,0,0,0,0,0,0,0,0,0,0,0,0,0,0,0,0,0,0,0,0,0,0,0,0,0,0,0,0,0,0,0,0,0,0,0,0,0,0,0,0,0,0,0,0,0,0,0,0,0,0,0,0,0,0,0,0,0,0,0,0,0,0,0,0,0,0,0,0,0,0,0,0,0,0,0,0,0,0,0,0,0,0,0,0,0,0,0,0,0,0,0,0,0,0,0,0,0,0,0,0,0.005000011,0.02,0.035,0.050000001,0.065000005,0.085000008,0.110000007,0.140000015,0.180000007,0.225000009,0.280000001,0.340000004,0.405000001,0.474999994,0.550000012,0.629999995,0.715000033,0.805000007,0.899999976,1,1.105000019,1.220000029,1.345000029,1.480000019,1.620000005,1.764999986,1.919999957,2.079999924
historical,HFC-236fa,World,ppt,0,0,0,0,0,0,0,0,0,0,0,0,0,0,0,0,0,0,0,0,0,0,0,0,0,0,0,0,0,0,0,0,0,0,0,0,0,0,0,0,0,0,0,0,0,0,0,0,0,0,0,0,0,0,0,0,0,0,0,0,0,0,0,0,0,0,0,0,0,0,0,0,0,0,0,0,0,0,0,0,0,0,0,0,0,0,0,0,0,0,0,0,0,0,0,0,0,0,0,0,0,0,0,0,0,0,0,0,0,0,0,0,0,0,0,0,0,0,0,0,0,0,0,0,0,0,0,0,0,0,0,0,0,0,0,0,0,0,0,0,0,0,0,0,0,0,0,0,0,0,0,0,0,0,0,0,0,0,0,0,0,0,0,0,0,0,0,0,0,0,0,0,0,0,0,0,0,0,0,0,0,0,0,0,0,0,0,0,0,0,0,0,0,0,0,0,0,0,0,0,0,0,0,0,0,0,0,0,0,0,0,0,0,0,0,0,0,0,0,0,0,0,0,0,0,0,0,0,0,0,0,0,0,0,0,0,0,0,0,0,0,0,0,0,0,0,0.004999998,0.010000001,0.015,0.02,0.025,0.029999999,0.035,0.039999999,0.045000006,0.054999992,0.059999999,0.065000005,0.074999996,0.085000001,0.094999999,0.104999997,0.115000002,0.125,0.135000005,0.144999996,0.155000001,0.165000007,0.180000007,0.194999993,0.204999998,0.215000004,0.230000004
historical,HFC-245fa,World,ppt,0,0,0,0,0,0,0,0,0,0,0,0,0,0,0,0,0,0,0,0,0,0,0,0,0,0,0,0,0,0,0,0,0,0,0,0,0,0,0,0,0,0,0,0,0,0,0,0,0,0,0,0,0,0,0,0,0,0,0,0,0,0,0,0,0,0,0,0,0,0,0,0,0,0,0,0,0,0,0,0,0,0,0,0,0,0,0,0,0,0,0,0,0,0,0,0,0,0,0,0,0,0,0,0,0,0,0,0,0,0,0,0,0,0,0,0,0,0,0,0,0,0,0,0,0,0,0,0,0,0,0,0,0,0,0,0,0,0,0,0,0,0,0,0,0,0,0,0,0,0,0,0,0,0,0,0,0,0,0,0,0,0,0,0,0,0,0,0,0,0,0,0,0,0,0,0,0,0,0,0,0,0,0,0,0,0,0,0,0,0,0,0,0,0,0,0,0,0,0,0,0,0,0,0,0,0,0,0,0,0,0,0,0,0,0,0,0,0,0,0,0,0,0,0,0,0,0,0,0,0,0,0,0,0,0,0,0,0,0,0,0,0,0,0,0,0,0,0,0,0,0,0,0.015000021,0.060000066,0.170000091,0.360000044,0.589999974,0.814999938,1.00999999,1.179999948,1.345000029,1.519999981,1.700000048,1.879999995,2.059999943,2.245000124,2.440000057,2.644999981,2.849999905,3.039999962,3.220000029,3.394999981,3.575000048
historical,HFC-365mfc,World,ppt,0,0,0,0,0,0,0,0,0,0,0,0,0,0,0,0,0,0,0,0,0,0,0,0,0,0,0,0,0,0,0,0,0,0,0,0,0,0,0,0,0,0,0,0,0,0,0,0,0,0,0,0,0,0,0,0,0,0,0,0,0,0,0,0,0,0,0,0,0,0,0,0,0,0,0,0,0,0,0,0,0,0,0,0,0,0,0,0,0,0,0,0,0,0,0,0,0,0,0,0,0,0,0,0,0,0,0,0,0,0,0,0,0,0,0,0,0,0,0,0,0,0,0,0,0,0,0,0,0,0,0,0,0,0,0,0,0,0,0,0,0,0,0,0,0,0,0,0,0,0,0,0,0,0,0,0,0,0,0,0,0,0,0,0,0,0,0,0,0,0,0,0,0,0,0,0,0,0,0,0,0,0,0,0,0,0,0,0,0,0,0,0,0,0,0,0,0,0,0,0,0,0,0,0,0,0,0,0,0,0,0,0,0,0,0,0,0,0,0,0,0,0,0,0,0,0,0,0,0,0,0,0,0,0,0,0,0,0,0,0,0,0,0,0,0,0,0,0,0,0,0,0,0.00500001,0.025000045,0.085000031,0.174999997,0.265000015,0.354999989,0.435000002,0.504999995,0.569999993,0.629999995,0.694999993,0.764999986,0.834999979,0.904999971,0.969999969,1.029999971,1.085000038,1.129999995,1.174999952,1.225000024,1.274999976
historical,HFC-4310mee,World,ppt,0,0,0,0,0,0,0,0,0,0,0,0,0,0,0,0,0,0,0,0,0,0,0,0,0,0,0,0,0,0,0,0,0,0,0,0,0,0,0,0,0,0,0,0,0,0,0,0,0,0,0,0,0,0,0,0,0,0,0,0,0,0,0,0,0,0,0,0,0,0,0,0,0,0,0,0,0,0,0,0,0,0,0,0,0,0,0,0,0,0,0,0,0,0,0,0,0,0,0,0,0,0,0,0,0,0,0,0,0,0,0,0,0,0,0,0,0,0,0,0,0,0,0,0,0,0,0,0,0,0,0,0,0,0,0,0,0,0,0,0,0,0,0,0,0,0,0,0,0,0,0,0,0,0,0,0,0,0,0,0,0,0,0,0,0,0,0,0,0,0,0,0,0,0,0,0,0,0,0,0,0,0,0,0,0,0,0,0,0,0,0,0,0,0,0,0,0,0,0,0,0,0,0,0,0,0,0,0,0,0,0,0,0,0,0,0,0,0,0,0,0,0,0,0,0,0,0,0,0,0,0,0,0,0,0,0,0,0,0,0,0,0,0,0,0,0,0,0,0,0,0,0,0,0,0.010000016,0.035,0.059999991,0.080000006,0.104999997,0.129999995,0.150000006,0.169999987,0.185000002,0.200000003,0.214999989,0.224999994,0.234999999,0.245000005,0.254999995,0.264999986,0.270000011,0.275000006,0.280000001
historical,N2O,World,ppb,266.5700073,266.6000061,266.6300049,266.6700134,266.7000122,266.730011,266.7600098,266.7900085,266.8200073,266.8500061,266.8800049,266.9100037,266.9400024,266.9700012,267,267.0299988,267.0599976,267.0899963,267.1199951,267.1499939,267.1799927,267.2099915,267.25,267.2799988,267.3099976,267.3399963,267.3699951,267.4100037,267.4400024,267.4700012,267.5,267.5400085,267.5700073,267.6099854,267.6400146,267.6799927,267.7099915,267.75,267.7799988,267.8200073,267.8500061,267.8900146,267.9299927,267.9700012,268,268.0400085,268.0799866,268.1199951,268.1600037,268.2000122,268.2399902,268.2799988,268.3299866,268.3699951,268.4100037,268.4500122,268.5,268.5400085,268.5899963,268.6300049,268.6799927,268.730011,268.7799988,268.8200073,268.8699951,268.9200134,268.9700012,269.0299988,269.0799866,269.1300049,269.1799927,269.2399902,269.2900085,269.3500061,269.4100037,269.4599915,269.519989,269.5799866,269.6400146,269.7000122,269.7600098,269.8299866,269.8900146,269.9599915,270.019989,270.0899963,270.1600037,270.2200012,270.2900085,270.3599854,270.3699951,270.480011,270.6000061,270.7200012,270.8399963,270.9700012,271.0899963,271.2099915,271.3299866,271.4500122,271.5700073,271.6900024,271.8200073,271.9400024,272.0599976,272.1900024,272.3099976,272.4299927,272.5599976,272.6799927,272.7999878,272.9299927,273.0400085,273.1600037,273.269989,273.3800049,273.4899902,273.6000061,273.7000122,273.7999878,273.8900146,273.9899902,274.0799866,274.1799927,274.269989,274.3699951,274.4700012,274.5700073,274.6700134,274.7799988,274.8900146,275,275.1300049,275.25,275.3900146,275.519989,275.6600037,275.8099976,275.9500122,276.1099854,276.2774963,276.4549866,276.6424866,276.8299866,277.0174866,277.2149658,277.4224548,277.6299438,277.8574524,278.0849609,278.3224487,278.5699463,278.8174438,279.0749207,279.3424072,279.6099243,279.8874207,280.164917,280.4523926,280.7398987,281.0273743,281.3248901,281.6223755,281.9198608,282.2173767,282.5148621,282.8023682,283.0998535,283.3873596,283.6748352,283.9523315,284.2298279,284.4973145,284.7648315,285.0223083,285.2798157,285.5273132,285.7748108,286.0222778,286.2597961,286.4872742,286.724762,286.9522705,287.1697693,287.3872681,287.6047668,287.8222656,288.0297546,288.2372437,288.4347229,288.6322327,288.8297119,289.0272217,289.2147217,289.4022217,289.5896912,289.7771912,289.9747009,290.1622009,290.3596802,290.5671692,290.764679,290.9821777,291.199646,291.4271545,291.6546631,291.8921509,292.1296387,292.387146,292.6446228,292.9121094,293.1896057,293.4871216,293.7946167,294.1221008,294.4595947,294.8070984,295.1846008,295.5720825,295.989563,296.4170837,296.8745728,297.3420715,297.8395691,298.3470459,298.884552,299.4320374,299.9895325,300.5670166,301.1645203,301.7720032,302.3895264,303.0169983,303.6644897,304.3119812,304.989502,305.6669922,306.3644714,307.0719604,307.7894592,308.8588257,309.5732422,310.1066589,310.5222168,311.0628357,311.5015564,312.2294312,312.9938354,313.6924133,314.6412964,315.7006836,316.4348145,317.0646057,317.7253418,318.3673096,319.0703735,319.9035034,320.6853027,321.6384888,322.3469238,323.2105408,324.1900635,325.0817871,326.0443115,327.1559143,328.2021179,328.974823,329.8620911,330.9975891,331.9138794,333.0865479,334.3647156,335.6916504
historical,NF3,World,ppt,0,0,0,0,0,0,0,0,0,0,0,0,0,0,0,0,0,0,0,0,0,0,0,0,0,0,0,0,0,0,0,0,0,0,0,0,0,0,0,0,0,0,0,0,0,0,0,0,0,0,0,0,0,0,0,0,0,0,0,0,0,0,0,0,0,0,0,0,0,0,0,0,0,0,0,0,0,0,0,0,0,0,0,0,0,0,0,0,0,0,0,0,0,0,0,0,0,0,0,0,0,0,0,0,0,0,0,0,0,0,0,0,0,0,0,0,0,0,0,0,0,0,0,0,0,0,0,0,0,0,0,0,0,0,0,0,0,0,0,0,0,0,0,0,0,0,0,0,0,0,0,0,0,0,0,0,0,0,0,0,0,0,0,0,0,0,0,0,0,0,0,0,0,0,0,0,0,0,0,0,0,0,0,0,0,0,0,0,0,0,0,0,0,0,0,0,0,0,0,0,0,0,0,0,0,0,0,0,0,0,0,0,0,0,0,0,0,0,0,0,0,0,0,0,0,0,5.28E-07,8.45E-06,4.28E-05,0.000135152,0.000329959,0.000684201,0.001267565,0.002162407,0.003463754,0.005279305,0.007729427,0.010947158,0.015078207,0.020280952,0.026726441,0.034598395,0.044093203,0.055419926,0.068800293,0.084468707,0.102672234,0.123670615,0.147736266,0.175154269,0.20622237,0.241250992,0.280563235,0.324494869,0.37339431,0.427622646,0.487553686,0.553573847,0.626082301,0.705490768,0.792223692,0.886718214,0.989424229,1.10080409,1.221332908,1.351498485,1.444790483,1.642691493,1.843798637,2.057406902,2.294468641,2.542255878,2.870695114
historical,SF6,World,ppt,0,0,0,0,0,0,0,0,0,0,0,0,0,0,0,0,0,0,0,0,0,0,0,0,0,0,0,0,0,0,0,0,0,0,0,0,0,0,0,0,0,0,0,0,0,0,0,0,0,0,0,0,0,0,0,0,0,0,0,0,0,0,0,0,0,0,0,0,0,0,0,0,0,0,0,0,0,0,0,0,0,0,0,0,0,0,0,0,0,0,0,0,0,0,0,0,0,0,0,0,0,0,0,0,0,0,0,0,0,0,0,0,0,0,0,0,0,0,0,0,0,0,0,0,0,0,0,0,0,0,0,0,0,0,0,0,0,0,0,0,0,0,0,0,0,0,0,0,0,0,0,0,0,0,0,0,0,0,0,0,0,0,0,0,0,0,0,0,0,0,0,0,0,0,0,0,0,0,0,0,0,0,0,0,0,0,0,0,0,0,0,0,0,0,0,0,0,0,0,0,0,0.000725809,0.00290906,0.006567234,0.011729462,0.018436532,0.026740883,0.036706604,0.048409447,0.061936803,0.077387728,0.094872929,0.114514761,0.136447236,0.160816014,0.187778413,0.217503414,0.250171632,0.285975337,0.325118452,0.367816597,0.414296985,0.46479851,0.519571722,0.57887876,0.642993569,0.712201536,0.786799967,0.867097497,0.953414738,1.046083689,1.145448208,1.251863718,1.365697145,1.487327337,1.617144704,1.755551219,1.902960658,2.059798241,2.226500988,2.403517485,2.591308117,2.790344954,3.001111507,3.224102736,3.463123083,3.702695847,3.974384069,4.19006443,4.37836647,4.581215858,4.782995224,4.991374016,5.225734711,5.444792747,5.660274506,5.898002148,6.170098782,6.478148937,6.751914024,7.040307045,7.316604614,7.617139816,7.936258316,8.271663666,8.593474388,8.919143677,9.269001007,9.613901138,9.957837105,10.28136158,10.65356159,11.04866028
historical,SO2F2,World,ppt,0,0,0,0,0,0,0,0,0,0,0,0,0,0,0,0,0,0,0,0,0,0,0,0,0,0,0,0,0,0,0,0,0,0,0,0,0,0,0,0,0,0,0,0,0,0,0,0,0,0,0,0,0,0,0,0,0,0,0,0,0,0,0,0,0,0,0,0,0,0,0,0,0,0,0,0,0,0,0,0,0,0,0,0,0,0,0,0,0,0,0,0,0,0,0,0,0,0,0,0,0,0,0,0,0,0,0,0,0,0,0,0,0,0,0,0,0,0,0,0,0,0,0,0,0,0,0,0,0,0,0,0,0,0,0,0,0,0,0,0,0,0,0,0,0,0,0,0,0,0,0,0,0,0,0,0,0,0,0,0,0,0,0,0,0,0,0,0,0,0,0,0,0,0,0,0,0,0,0,0,0,0,0,0,0,0,0,0,0,0,0,0,0,0,0,0,0,0,0,0,0,0,0,0,0,0,0,0,0,0,0,0.000656736,0.002626939,0.005910611,0.010507751,0.016418362,0.023642441,0.032179989,0.042031005,0.053195495,0.065673456,0.079464883,0.09456978,0.110988148,0.128719985,0.147765309,0.16812408,0.189796343,0.21278207,0.237081274,0.262693971,0.289620101,0.317859739,0.347412854,0.378279418,0.410459489,0.443953037,0.478760034,0.514880538,0.55231452,0.59106195,0.631122887,0.672497332,0.715185225,0.759186625,0.804501534,0.851129889,0.899071753,0.948327124,0.998895943,1.05077827,1.103974104,1.158483386,1.214306235,1.271442533,1.329892278,1.38965559,1.45073247,1.521391034,1.572572231,1.638314247,1.717993021,1.804046988,1.904365182,2.014320374,2.060330629,2.095164299,2.242851019,2.326696634,2.404645443,2.450908184,2.5660851,2.816110849
